ID,Word,Definition,Part of Speech,Example Sentence,Synonym 1,Synonym 2,CEFR Level,Difficulty Score,Category,Frequency Level,Word Family,Usage Note
1,Adventure,"An exciting or unusual experience, often involving risk or the unknown.",Noun,They set off on an adventure through the mountains.,escapade,exploit,A2,29,General,Very Common,,
2,Attention,The mental focus or concentration directed toward something.,Noun,Please pay attention during the lecture.,focus,concentration,A2,21,Academic,Very Common,,
3,Beautiful,"Pleasing to the senses or mind, especially through beauty of form.",Adjective,The sunset over the ocean was beautiful.,pretty,lovely,A1,7,General,Very Common,,
4,Confidence,A feeling of self-assurance arising from one's own abilities or qualities.,Noun,He answered the questions with confidence.,self-assurance,certainty,B1,38,Academic,Common,,
5,Curiosity,A strong desire to know or learn something.,Noun,Her curiosity led her to explore every corner of the museum.,inquisitiveness,interest,B1,45,Academic,Common,,
6,Dangerous,Likely to cause harm or injury.,Adjective,The road became dangerous after the storm.,hazardous,risky,A2,24,General,Very Common,,
7,Different,Not the same as another; distinct in nature or quality.,Adjective,Each culture has a different way of celebrating the new year.,distinct,dissimilar,A1,5,General,Very Common,,
8,Education,The process of receiving or giving systematic instruction.,Noun,A good education opens many doors in life.,schooling,instruction,A2,20,General,Very Common,,
9,Excellent,Extremely good; outstanding.,Adjective,She gave an excellent presentation to the board.,outstanding,superb,A2,25,General,Very Common,,
10,Familiar,Well known from long or close association; easily recognized.,Adjective,"The song sounded familiar, though she couldn't remember its name.",well-known,recognizable,B1,38,Society & Culture,Common,,
11,Generous,"Willing to give more of something, especially money, than is expected.",Adjective,"He was generous with his time, helping anyone who asked.",giving,charitable,B1,43,General,Common,,
12,Important,Of great significance or value.,Adjective,It is important to arrive on time for the interview.,significant,essential,A1,6,General,Very Common,,
13,Knowledge,"Facts, information, and skills acquired through experience or education.",Noun,Her knowledge of history impressed the professor.,understanding,information,A2,22,General,Very Common,,
14,Language,A system of communication used by a particular community or country.,Noun,He is learning a new language every year.,tongue,speech,A1,8,Communication,Very Common,,
15,Necessary,"Required to be done, achieved, or present; essential.",Adjective,Water is necessary for all living things.,essential,required,A2,23,General,Very Common,,
16,Opportunity,A set of circumstances that makes it possible to do something.,Noun,The internship gave her an opportunity to learn new skills.,chance,opening,B1,36,Personal Development,Common,,
17,Patience,"The capacity to accept or tolerate delay, trouble, or suffering without becoming upset.",Noun,Teaching young children requires a great deal of patience.,tolerance,forbearance,B1,43,Personal Development,Common,,
18,Remember,"To recall or bring to mind a fact, event, or experience from the past.",Verb,I still remember my first day of school.,recall,recollect,A1,7,Academic,Very Common,,
19,Successful,Achieving the desired aim or result; having succeeded.,Adjective,Their marketing campaign was extremely successful.,thriving,victorious,A2,22,General,Very Common,,
20,Adaptable,Able to adjust to new conditions or circumstances.,Adjective,A good employee is adaptable to changing situations at work.,flexible,versatile,B2,67,General,Common,,
21,Awareness,Knowledge or perception of a situation or fact.,Noun,The campaign raised awareness about ocean pollution.,consciousness,perception,B1,40,Academic,Common,,
22,Challenge,A task or situation that tests someone's abilities.,Noun,Learning a musical instrument as an adult can be a real challenge.,test,difficulty,B1,36,Personal Development,Common,,
23,Compassion,"Concern for another person's suffering, often with a desire to help.",Noun,The nurse treated every patient with compassion.,empathy,sympathy,B2,62,Emotion,Common,,
24,Creativity,The use of imagination or original ideas to create something.,Noun,The children showed great creativity in building their fort.,inventiveness,imagination,B1,45,Academic,Common,,
25,Determined,Having made a firm decision and being resolved not to change it.,Adjective,She was determined to finish the marathon despite the pain.,resolute,steadfast,B1,38,Communication,Common,,
26,Discourage,To cause someone to lose confidence or enthusiasm for something.,Verb,A single setback shouldn't discourage you from trying again.,dishearten,deter,B2,65,Communication,Common,,
27,Effective,Successful in producing a desired or intended result.,Adjective,The new study method proved effective for most students.,successful,efficient,B1,36,General,Common,,
28,Emotional,"Relating to a person's feelings, or showing strong feeling.",Adjective,It was an emotional goodbye at the airport.,sentimental,moving,B1,38,General,Common,,
29,Essential,Absolutely necessary; extremely important.,Adjective,Clean water is essential for good health.,necessary,vital,B1,38,General,Common,,
30,Flexible,Able to change or be changed easily according to the situation.,Adjective,The company offers flexible working hours.,adaptable,adjustable,B1,44,General,Common,,
31,Gratitude,The quality of being thankful; readiness to show appreciation.,Noun,She wrote a letter to express her gratitude to her mentor.,thankfulness,appreciation,B2,62,Emotion,Common,,
32,Influence,"The capacity to have an effect on someone's character, development, or behavior.",Noun,Her parents had a strong influence on her career choice.,effect,impact,B1,37,Personal Development,Common,,
33,Motivation,The reason or drive behind a person's actions or behavior.,Noun,Winning the award gave him new motivation to keep training.,drive,incentive,B1,43,General,Common,,
34,Persistent,Continuing firmly despite difficulty or opposition.,Adjective,Her persistent efforts finally paid off with a job offer.,persevering,tenacious,B2,62,General,Common,,
35,Perspective,A particular way of viewing or understanding a situation.,Noun,Traveling abroad gave him a new perspective on his own culture.,viewpoint,outlook,B2,55,Academic,Common,,
36,Resilience,The capacity to recover quickly from difficulties.,Noun,The community showed remarkable resilience after the flood.,toughness,fortitude,B2,65,Personal Development,Common,,
37,Significant,Sufficiently great or important to be worthy of attention.,Adjective,There has been a significant improvement in her grades.,notable,considerable,B2,55,General,Common,,
38,Transform,"To change markedly in form, nature, or appearance.",Verb,The renovation will transform the old warehouse into apartments.,convert,change,B2,61,Science & Technology,Common,,
39,Vulnerable,"Exposed to the possibility of being harmed, physically or emotionally.",Adjective,Sharing personal secrets can make a person feel vulnerable.,exposed,susceptible,B2,59,General,Common,,
40,Authenticity,"The quality of being genuine, real, or true to one's own character.",Noun,The chef was praised for the authenticity of his regional dishes.,genuineness,sincerity,C1,77,Personal Development,Less Common,,
41,Contradiction,A combination of statements or ideas that oppose one another.,Noun,There was a clear contradiction between what he said and what he did.,inconsistency,conflict,B2,65,Academic,Common,,
42,Interpretation,An explanation or way of understanding the meaning of something.,Noun,Different readers may have a different interpretation of the poem.,explanation,understanding,B2,59,Academic,Common,,
43,Misunderstanding,"A failure to understand something correctly, often leading to disagreement.",Noun,The argument was simply the result of a misunderstanding.,confusion,miscommunication,B2,64,Communication,Common,,
44,Nevertheless,In spite of that; even so.,Adverb,"The weather was terrible; nevertheless, they continued their hike.",however,nonetheless,B2,59,General,Common,,
45,Responsibility,"The state of being accountable for something, or a duty one is required to fulfill.",Noun,Taking care of the family pet is his responsibility.,duty,obligation,B1,37,General,Common,,
46,Sophisticated,"Having, or showing, a great deal of worldly experience or refined judgment; complex.",Adjective,The company uses a sophisticated system to track its inventory.,refined,advanced,C1,73,Society & Culture,Less Common,,
47,Unpredictable,Not able to be predicted or foreseen.,Adjective,Mountain weather can be extremely unpredictable.,erratic,uncertain,B2,64,General,Common,,
48,Vocabulary,The body of words used in a particular language or known by a person.,Noun,Reading widely is one of the best ways to expand your vocabulary.,lexicon,terminology,A2,32,Communication,Very Common,,
49,Understanding,"The ability to comprehend something, or a sympathetic awareness of others' feelings.",Noun,Her understanding of the topic impressed everyone in the meeting.,comprehension,empathy,B1,36,Academic,Common,,
50,Absence,The state of not being present.,Noun,Her absence was noticed immediately.,nonattendance,nonappearance,A2,30,Personal Development,Very Common,,
51,Absolute,Complete and not limited in any way.,Adjective,The manager gave an absolute guarantee.,complete,total,B1,39,Academic,Common,,
52,Academic,"Related to education, study, or schools.",Adjective,She has strong academic interests.,scholastic,educational,B1,38,Society & Culture,Common,,
53,Acceptance,The act of agreeing to receive or approve something.,Noun,His acceptance of the offer was quick.,approval,agreement,B1,43,Academic,Common,,
54,Accessible,"Easy to reach, use, understand, or obtain.",Adjective,The guide is accessible to beginners.,reachable,attainable,B2,60,General,Common,,
55,Accompany,To go somewhere with someone.,Verb,I will accompany you to the meeting.,escort,join,B1,46,General,Common,,
56,Accomplish,To successfully complete something.,Verb,They worked hard to accomplish the task.,achieve,complete,B1,44,Arts & Creativity,Common,,
57,Achievement,Something successfully completed or attained.,Noun,Graduation was a major achievement.,accomplishment,feat,B1,41,General,Common,,
58,Acquisition,The act of gaining or obtaining something.,Noun,The company announced the acquisition yesterday.,attainment,procurement,B2,59,General,Common,,
59,Adaptation,A change made to suit a new situation.,Noun,The adaptation helped the team survive.,adjustment,modification,B2,61,Communication,Common,,
60,Adequate,Good enough for a particular purpose.,Adjective,We have adequate supplies for the trip.,sufficient,satisfactory,B1,44,General,Common,,
61,Adjustment,A small change made to improve something.,Noun,The chair needed a slight adjustment.,modification,alteration,B1,45,Society & Culture,Common,,
62,Admiration,A feeling of respect or approval.,Noun,She has great admiration for her teacher.,esteem,respect,B2,64,Emotion,Common,,
63,Advantage,A condition that makes success easier.,Noun,Experience gives her an advantage.,benefit,edge,A2,24,Personal Development,Very Common,,
64,Advocate,To publicly support an idea or cause.,Verb,They advocate better access to education.,support,champion,B2,59,Society & Culture,Common,,
65,Aesthetic,Concerned with beauty or artistic appearance.,Adjective,The designer chose an aesthetic style.,artistic,visual,C1,74,Academic,Less Common,,
66,Affection,A feeling of fondness or love.,Noun,The child showed affection for his grandmother.,fondness,tenderness,B1,45,Emotion,Common,,
67,Affordable,Reasonably priced and not too expensive.,Adjective,The apartment is affordable for students.,inexpensive,reasonable,B1,42,General,Common,,
68,Agreement,"A shared decision, opinion, or arrangement.",Noun,They reached an agreement quickly.,accord,contract,A2,23,Communication,Very Common,,
69,Agriculture,The practice of farming crops and raising animals.,Noun,Agriculture supports many rural communities.,farming,cultivation,A2,30,General,Very Common,,
70,Allocate,To distribute something for a particular purpose.,Verb,We need to allocate more money to training.,assign,distribute,B2,66,Business,Common,,
71,Alternative,One of two or more possible choices.,Noun,We need an alternative plan.,option,choice,B1,37,Academic,Common,,
72,Ambiguous,Having more than one possible meaning.,Adjective,His answer was ambiguous.,unclear,vague,C1,78,General,Less Common,,
73,Ambition,"A strong desire to achieve something, such as success or power.",Noun,Her ambition was to become a surgeon.,aspiration,drive,B1,45,Emotion,Common,,
74,Analysis,A detailed examination of something in order to understand it.,Noun,The report included a careful analysis of the data.,examination,evaluation,B1,36,General,Common,,
75,Analytical,Using logical reasoning to examine or break down information.,Adjective,She took an analytical approach to solving the problem.,logical,systematic,B2,64,General,Common,,
76,Ancient,Belonging to a time long ago in the past.,Adjective,They visited the ruins of an ancient city.,old,antique,A2,26,Society & Culture,Very Common,,
77,Anxiety,A feeling of worry or nervousness about something.,Noun,He felt a wave of anxiety before the exam.,worry,nervousness,B1,40,Personal Development,Common,,
78,Appreciate,To recognize the value or importance of something.,Verb,I really appreciate your help with this project.,value,treasure,B1,37,Emotion,Common,,
79,Appreciation,A feeling of gratitude or recognition of something's value.,Noun,She showed her appreciation with a thank-you note.,gratitude,recognition,B1,44,Academic,Common,,
80,Appropriate,Suitable or correct for a particular situation.,Adjective,That response was appropriate.,suitable,fitting,B1,38,Academic,Common,,
81,Approval,Official agreement that something is acceptable or good.,Noun,The plan received approval from the committee.,consent,endorsement,B1,39,General,Common,,
82,Argument,"A disagreement, or a set of reasons given to support an idea.",Noun,They had an argument about where to eat dinner.,dispute,quarrel,A2,26,Communication,Very Common,,
83,Arrange,To organize or plan something in advance.,Verb,We need to arrange a meeting for next week.,organize,plan,A2,31,General,Very Common,,
84,Arrival,"The act of reaching a place, especially at the end of a journey.",Noun,Her arrival was delayed by the storm.,coming,advent,A2,29,General,Very Common,,
85,Artificial,Made by people rather than occurring naturally.,Adjective,The lake was created using artificial materials.,synthetic,man-made,B1,42,General,Common,,
86,Assessment,The act of judging or evaluating something.,Noun,The teacher gave a written assessment of each student.,evaluation,appraisal,B1,40,Academic,Common,,
87,Assistance,Help or support given to someone.,Noun,The volunteers offered assistance to flood victims.,help,support,A2,27,General,Very Common,,
88,Attractive,Pleasant or appealing to look at.,Adjective,The new design is attractive.,appealing,good-looking,A2,28,General,Very Common,,
89,Authority,The power or right to make decisions or give orders.,Noun,The supervisor has authority over the team.,power,control,B1,36,Personal Development,Common,,
90,Available,"Ready to be used, obtained, or reached.",Adjective,The room is available this afternoon.,accessible,obtainable,A2,20,General,Very Common,,
91,Balanced,Kept in a healthy or stable proportion.,Adjective,She follows a balanced diet.,stable,even,B1,43,General,Common,,
92,Banking,The business and system of managing money through banks.,Noun,Online banking saves time.,finance,financial services,B1,41,General,Common,,
93,Behavior,The way a person or animal acts.,Noun,His behavior was respectful.,conduct,manner,A2,26,General,Very Common,,
94,Belonging,A feeling of being accepted as part of a group.,Noun,Joining the club gave her a sense of belonging.,acceptance,inclusion,B1,44,Emotion,Common,,
95,Biological,Relating to living organisms and their processes.,Adjective,The scientist studies biological changes in plants.,organic,physiological,B1,41,Academic,Common,,
96,Boundary,A limit that separates one thing from another.,Noun,Healthy relationships need clear boundaries.,border,limit,B1,44,Travel & Places,Common,,
97,Breakfast,The first meal of the day.,Noun,I usually eat breakfast at seven.,morning meal,,A1,13,General,Very Common,,
98,Brilliant,"Extremely clever, impressive, or excellent.",Adjective,She had a brilliant idea.,excellent,outstanding,B1,39,General,Common,,
99,Broadcasting,"The activity of sending programs by radio, television, or online media.",Noun,Broadcasting reaches a large audience.,transmission,airing,B2,61,Communication,Common,,
100,Calculation,The process of working out a number or result.,Noun,The calculation took only a minute.,computation,estimation,B1,46,General,Common,,
101,Capability,The ability or power to do something.,Noun,The device has impressive storage capability.,ability,capacity,B2,61,Personal Development,Common,,
102,Capital,Money or resources used to start or operate a business.,Noun,The company needs more capital.,funds,assets,B2,55,Business,Common,,
103,Careful,Giving attention to avoid mistakes or danger.,Adjective,Be careful with the glass.,cautious,attentive,A2,27,General,Very Common,,
104,Celebration,An event held to mark something special.,Noun,The family held a celebration.,festivity,party,A2,31,Society & Culture,Very Common,,
105,Cellular,Relating to cells or cellular communication.,Adjective,The phone uses cellular technology.,cell-based,mobile,B2,63,Academic,Common,,
106,Ceremony,A formal event held for a special occasion.,Noun,The graduation ceremony began at noon.,rite,ritual,B1,40,Society & Culture,Common,,
107,Character,The qualities that make a person distinctive.,Noun,Her character was revealed by her choices.,personality,nature,B1,35,Society & Culture,Common,,
108,Chemical,"Relating to substances and their reactions, as studied in chemistry.",Adjective,The factory follows strict chemical safety rules.,molecular,,B1,39,Science & Technology,Common,,
109,Citizenship,The status of being an official member of a country.,Noun,She applied for citizenship after living there for years.,nationality,membership,B2,60,Personal Development,Common,,
110,Clarification,A statement that makes something easier to understand.,Noun,He asked for clarification on the instructions.,explanation,elucidation,B2,65,Communication,Common,,
111,Classical,"Related to traditional or established forms, especially art or music.",Adjective,He enjoys classical music.,traditional,conventional,B1,42,Communication,Common,,
112,Climate,The general weather conditions typical of a region over time.,Noun,"The region has a warm, dry climate.",conditions,weather,A2,25,Personal Development,Very Common,,
113,Clinical,"Related to medical treatment, testing, or observation.",Adjective,The trial produced useful clinical evidence.,medical,therapeutic,B2,56,Academic,Common,,
114,Collaboration,The act of working together toward a shared goal.,Noun,The project required close collaboration.,cooperation,teamwork,B2,58,General,Common,,
115,Collective,Shared by or involving a group.,Adjective,They made a collective decision.,joint,communal,B2,58,Society & Culture,Common,,
116,Comfortable,Providing physical or emotional ease.,Adjective,These shoes are comfortable.,cozy,relaxing,A2,26,General,Very Common,,
117,Commercial,Related to business or making money.,Adjective,The project has commercial potential.,business,trade,B1,36,Communication,Common,,
118,Commitment,A promise or firm decision to do something.,Noun,Learning requires commitment.,pledge,promise,B2,56,Personal Development,Common,,
119,Committee,A group chosen to discuss or manage a particular matter.,Noun,The committee met on Monday.,board,panel,B1,36,Society & Culture,Common,,
120,Communication,"The exchange of information, ideas, or feelings.",Noun,Clear communication prevents confusion.,correspondence,interaction,A2,26,Communication,Very Common,,
121,Community,"A group of people who share a place, interest, or identity.",Noun,The community organized a cleanup.,society,neighborhood,A2,20,Society & Culture,Very Common,,
122,Comparison,An examination of things to identify similarities and differences.,Noun,The comparison revealed a clear winner.,contrast,analogy,B1,39,General,Common,,
123,Competence,The ability to do something successfully and effectively.,Noun,Her competence impressed the employer.,proficiency,skill,B2,64,Personal Development,Common,,
124,Competitive,Eager to win or strong compared with others.,Adjective,The market is highly competitive.,ambitious,fierce,B1,39,General,Common,,
125,Complaint,A statement that something is wrong or unsatisfactory.,Noun,The customer made a complaint.,grievance,protest,A2,31,Personal Development,Very Common,,
126,Complete,Containing everything necessary; finished.,Adjective,The report is complete.,whole,entire,A2,21,Science & Technology,Very Common,,
127,Complexity,The state of having many connected parts or difficulties.,Noun,The complexity of the problem surprised us.,intricacy,complication,B2,61,Personal Development,Common,,
128,Concentration,The ability to give full attention to something.,Noun,Noise made concentration difficult.,focus,attentiveness,B2,59,Personal Development,Common,,
129,Conclusion,A judgment reached after considering evidence.,Noun,The evidence supports that conclusion.,verdict,deduction,B1,40,Academic,Common,,
130,Conflict,A serious disagreement or struggle.,Noun,They resolved the conflict peacefully.,dispute,clash,B1,38,General,Common,,
131,Connection,A relationship or link between people or things.,Noun,There is a strong connection between sleep and health.,link,relationship,A2,25,Academic,Very Common,,
132,Consciousness,The state of being aware and able to think or perceive.,Noun,The patient gradually regained consciousness.,awareness,sentience,C1,73,Academic,Less Common,,
133,Conservation,The protection and careful use of natural resources.,Noun,Forest conservation is essential.,preservation,protection,B2,58,Society & Culture,Common,,
134,Consistent,Remaining the same in quality or performance.,Adjective,Her results are consistently strong.,steady,uniform,B2,56,General,Common,,
135,Construction,The process of building something.,Noun,Construction began in January.,building,assembly,B1,36,General,Common,,
136,Consumer,A person who buys or uses goods or services.,Noun,The consumer expects good service.,buyer,customer,B1,39,Society & Culture,Common,,
137,Contemporary,Existing or happening in the present time.,Adjective,The gallery features contemporary art.,modern,current,B2,56,Society & Culture,Common,,
138,Contribution,Something given to help achieve a result.,Noun,Her contribution improved the project.,donation,input,B2,58,General,Common,,
139,Convenient,Easy or suitable for a particular situation.,Adjective,Online payment is convenient.,handy,suitable,B1,43,General,Common,,
140,Conversation,An informal exchange of ideas or information by speaking.,Noun,We had a long conversation.,chat,discussion,A2,25,Communication,Very Common,,
141,Convincing,Able to make someone believe something is true or reasonable.,Adjective,She gave a convincing explanation.,persuasive,compelling,B2,62,Communication,Common,,
142,Cooperation,The act of working together toward a common goal.,Noun,The task required cooperation.,collaboration,teamwork,B1,42,General,Common,,
143,Coordinate,To organize people or activities so they work together.,Verb,She will coordinate the event.,organize,arrange,B2,63,Academic,Common,,
144,Corporate,Related to a company or business organization.,Adjective,He works in corporate finance.,business,commercial,B2,55,Academic,Common,,
145,Courageous,Showing bravery when facing difficulty or danger.,Adjective,The rescue was courageous.,brave,bold,B2,64,General,Common,,
146,Courtesy,Polite behavior showing respect for others.,Noun,He treated everyone with courtesy.,politeness,civility,B2,60,General,Common,,
147,Creative,Involving original ideas or imagination.,Adjective,She found a creative solution to the problem.,imaginative,inventive,A2,27,General,Very Common,,
148,Criminal,Relating to crime or breaking the law.,Adjective,He was charged with criminal activity.,illegal,unlawful,B1,37,Society & Culture,Common,,
149,Cultural,Relating to the customs and ideas of a particular society.,Adjective,The festival celebrates the region's cultural heritage.,ethnic,societal,B1,37,Academic,Common,,
150,Curious,Eager to learn or know more about something.,Adjective,The curious child asked many questions.,inquisitive,interested,A2,29,General,Very Common,,
151,Currency,The system of money used in a particular country.,Noun,The local currency lost value last year.,money,coinage,B1,41,Business,Common,,
152,Customer,A person or organization that buys something.,Noun,The customer requested a refund.,client,buyer,A1,14,Society & Culture,Very Common,,
153,Database,An organized collection of information stored electronically.,Noun,The records are kept in a database.,archive,repository,B1,41,Communication,Common,,
154,Deadline,The latest time by which something must be completed.,Noun,The application deadline is Friday.,cutoff,time limit,B1,44,General,Common,,
155,Decision,A choice made after considering possibilities.,Noun,It was a difficult decision.,choice,judgment,A2,21,General,Very Common,,
156,Decline,To become less or to politely refuse something.,Verb,Sales began to decline.,decrease,refuse,B2,57,Science & Technology,Common,,
157,Decoration,Something used to make a place more attractive.,Noun,The room needs simple decoration.,ornament,adornment,B1,46,General,Common,,
158,Dedication,"Strong commitment to a task, person, or purpose.",Noun,Her dedication earned everyone's respect.,commitment,devotion,B2,62,Personal Development,Common,,
159,Democracy,A system in which people participate in choosing their government.,Noun,Democracy depends on informed citizens.,self-government,republic,B1,39,Academic,Common,,
160,Demonstrate,To show clearly how something works or is true.,Verb,The teacher will demonstrate the process.,show,prove,B1,43,General,Common,,
161,Dependable,Reliable and able to be trusted.,Adjective,She is a dependable colleague.,reliable,trustworthy,B2,66,General,Common,,
162,Departure,The act of leaving a place.,Noun,Our departure is scheduled for six.,leaving,exit,B1,42,General,Common,,
163,Description,Words that explain what someone or something is like.,Noun,The listing included a detailed description.,account,portrayal,A2,25,Communication,Very Common,,
164,Desirable,Wanted or considered attractive.,Adjective,The location is highly desirable.,attractive,appealing,B2,63,General,Common,,
165,Destination,The place to which someone or something is going.,Noun,Paris was their final destination.,endpoint,terminus,B1,42,Travel & Places,Common,,
166,Development,"The process of growing, improving, or changing.",Noun,The development took several years.,growth,progress,B1,35,General,Common,,
167,Dialogue,"A conversation between people, especially in a story.",Noun,The film has realistic dialogue.,conversation,discussion,B1,42,Communication,Common,,
168,Difference,A way in which two or more things are not the same.,Noun,There is a clear difference between them.,distinction,contrast,A1,9,Personal Development,Very Common,,
169,Digital,Using electronic technology to store or process information.,Adjective,The company moved to digital records.,electronic,computerized,A2,24,Academic,Very Common,,
170,Discipline,The ability to control behavior and follow rules or routines.,Noun,Progress requires discipline.,self-control,order,B2,59,Academic,Common,,
171,Discovery,Something found or learned for the first time.,Noun,The discovery changed the field.,finding,revelation,B1,40,General,Common,,
172,Discussion,A conversation in which people examine a topic or issue.,Noun,We had a useful discussion.,conversation,debate,A2,25,Communication,Very Common,,
173,Diversity,The presence of many different types of people or things.,Noun,The workplace values diversity.,variety,range,B2,58,Personal Development,Common,,
174,Domestic,Relating to the home or one's own country.,Adjective,Domestic flights leave from this terminal.,household,national,B1,37,Society & Culture,Common,,
175,Dramatic,"Very noticeable, sudden, or exciting.",Adjective,There was a dramatic improvement.,striking,sudden,B2,57,General,Common,,
176,Economic,"Related to money, trade, production, or the economy.",Adjective,The country faces economic pressure.,financial,fiscal,B1,35,Academic,Common,,
177,Economy,The system through which a society produces and uses goods and services.,Noun,The economy is recovering.,marketplace,financial system,B1,36,Society & Culture,Common,,
178,Efficiency,The ability to achieve results with little wasted effort or resources.,Noun,Automation improved efficiency.,effectiveness,productivity,B2,57,Academic,Common,,
179,Electronic,Relating to devices that use electrical circuits.,Adjective,She signed the electronic document.,digital,computerized,A2,27,Academic,Very Common,,
180,Employment,The state of having paid work.,Noun,Youth employment is increasing.,work,job,B1,39,Personal Development,Common,,
181,Encourage,To give someone support or confidence to do something.,Verb,Parents should encourage curiosity.,support,motivate,A2,29,Society & Culture,Very Common,,
182,Endurance,The ability to continue despite difficulty or tiredness.,Noun,Running requires endurance.,stamina,persistence,B2,63,Personal Development,Common,,
183,Enterprise,A business or project involving initiative and effort.,Noun,She started a small enterprise.,business,venture,B2,57,General,Common,,
184,Entertainment,Activities that provide enjoyment or amusement.,Noun,The festival offered live entertainment.,amusement,fun,B1,38,General,Common,,
185,Enthusiasm,Strong excitement or interest in something.,Noun,He spoke with enthusiasm.,excitement,eagerness,B2,61,Emotion,Common,,
186,Environmental,Related to the natural world and its protection.,Adjective,They support environmental policies.,ecological,green,B1,37,Academic,Common,,
187,Equality,The state of having the same rights or opportunities.,Noun,The policy promotes equality.,fairness,parity,B1,42,Personal Development,Common,,
188,Equipment,The tools or items needed for a particular activity.,Noun,The laboratory has modern equipment.,gear,apparatus,A2,23,General,Very Common,,
189,Establish,"To create, start, or firmly set something up.",Verb,They established a new company.,found,set up,B2,56,Society & Culture,Common,,
190,Evaluation,A careful judgment of the quality or value of something.,Noun,The course received a positive evaluation.,assessment,appraisal,B2,59,General,Common,,
191,Evidence,Information or facts that support a conclusion.,Noun,The police found useful evidence.,proof,testimony,B1,35,Academic,Common,,
192,Evolution,A gradual process of change and development.,Noun,Technology has undergone rapid evolution.,development,progression,B2,57,Science & Technology,Common,,
193,Excursion,A short journey made for pleasure or a specific purpose.,Noun,We took an excursion to the coast.,trip,outing,B2,66,General,Common,,
194,Executive,A person with senior responsibility in an organization.,Noun,The executive approved the proposal.,manager,director,B2,55,Society & Culture,Common,,
195,Exercise,Physical activity done to improve or maintain health.,Noun,Daily exercise improves fitness.,workout,training,A1,12,General,Very Common,,
196,Expansion,The process of becoming larger or more extensive.,Noun,The business plans international expansion.,growth,enlargement,B2,56,General,Common,,
197,Experience,Knowledge or skill gained by doing something.,Noun,She has years of experience.,knowledge,expertise,A2,21,Academic,Very Common,,
198,Experiment,A scientific test carried out to learn something.,Noun,The students conducted an experiment.,test,trial,B1,41,General,Common,,
199,Explanation,A statement that makes something clear or understandable.,Noun,His explanation was easy to follow.,clarification,description,B1,40,Communication,Common,,
200,Exploration,The act of investigating an unfamiliar area or subject.,Noun,Space exploration requires advanced technology.,investigation,examination,B2,60,General,Common,,
201,Expression,The act of showing an idea or feeling.,Noun,Her facial expression changed.,display,articulation,B1,39,Personal Development,Common,,
202,Extensive,Covering a large amount or area.,Adjective,The report contains extensive research.,broad,wide-ranging,B2,56,General,Common,,
203,External,Coming from outside something.,Adjective,External factors affected the result.,exterior,outer,B1,39,Academic,Common,,
204,Familiarity,Knowledge or understanding gained through experience.,Noun,Familiarity with the software helped.,acquaintance,knowledge,B2,66,Academic,Common,,
205,Financial,Related to money or finance.,Adjective,She received financial advice.,monetary,fiscal,B1,35,Academic,Common,,
206,Financing,The provision of money for a project or purchase.,Noun,The company secured financing.,funding,backing,B2,60,General,Common,,
207,Fitness,The condition of being physically healthy and strong.,Noun,Swimming improved his fitness.,health,wellness,A2,30,Personal Development,Very Common,,
208,Fluency,The ability to speak or write smoothly and easily.,Noun,Practice improved her English fluency.,proficiency,eloquence,B2,67,Communication,Common,,
209,Forecast,"A prediction about what will happen, especially the weather.",Noun,The forecast predicts rain.,prediction,projection,B1,44,Communication,Common,,
210,Foreign,From or belonging to another country.,Adjective,He speaks two foreign languages.,overseas,non-native,A2,22,General,Very Common,,
211,Forgiveness,The act of stopping resentment toward someone who caused harm.,Noun,Forgiveness can bring peace.,pardon,absolution,B2,63,Emotion,Common,,
212,Foundation,The basic support or underlying basis of something.,Noun,Trust is the foundation of a strong relationship.,basis,groundwork,B1,37,Academic,Common,,
213,Freedom,The ability or right to act without unfair restriction.,Noun,Everyone values personal freedom.,liberty,independence,A2,23,Personal Development,Very Common,,
214,Friendly,"Kind, pleasant, and welcoming.",Adjective,The staff were friendly.,kind,amiable,A1,13,Society & Culture,Very Common,,
215,Friendship,A close relationship based on mutual affection and trust.,Noun,Their friendship lasted for years.,companionship,camaraderie,A2,30,Personal Development,Very Common,,
216,Furniture,Large movable objects used to equip a room.,Noun,The apartment needs new furniture.,furnishings,fittings,A1,16,General,Very Common,,
217,Generation,A group of people born and living around the same time.,Noun,Each generation faces different challenges.,age group,cohort,B1,36,Society & Culture,Common,,
218,Generosity,A willingness to give or share freely.,Noun,Her generosity helped the community.,kindness,benevolence,B2,64,Personal Development,Common,,
219,Geological,"Relating to the Earth's rocks, structure, and history.",Adjective,The region has unusual geological features.,geologic,,C1,75,Academic,Less Common,,
220,Government,The group or system that manages a country or community.,Noun,The government announced new measures.,administration,regime,A2,20,Society & Culture,Very Common,,
221,Guidance,Advice or direction that helps someone decide what to do.,Noun,The mentor provided useful guidance.,advice,direction,B1,41,Communication,Common,,
222,Habitat,The natural home of a plant or animal.,Noun,The wetland is an important bird habitat.,environment,home,B1,45,Travel & Places,Common,,
223,Happiness,The state of feeling pleasure or contentment.,Noun,Family brought her happiness.,joy,contentment,A1,15,Personal Development,Very Common,,
224,Hardware,The physical parts of a computer or electronic system.,Noun,The software needs newer hardware.,equipment,machinery,B1,42,General,Common,,
225,Heritage,"Traditions, culture, or property passed down through generations.",Noun,The festival celebrates local heritage.,legacy,tradition,B2,58,Academic,Common,,
226,Historical,Related to the past or important in history.,Adjective,The building has historical value.,historic,past,B1,38,Academic,Common,,
227,Honesty,The quality of being truthful and sincere.,Noun,Honesty builds trust.,truthfulness,sincerity,A2,32,Personal Development,Very Common,,
228,Hospitality,Friendly and generous treatment of guests or visitors.,Noun,The hotel is known for its hospitality.,welcome,warmth,B2,62,Communication,Common,,
229,Household,All the people living together in one home.,Noun,The household shares the monthly expenses.,family,home,B1,39,Society & Culture,Common,,
230,Humanity,Human beings considered as a whole.,Noun,The story explores the best of humanity.,mankind,humankind,B2,58,Personal Development,Common,,
231,Hydration,The process of giving the body enough water.,Noun,Good hydration is important in hot weather.,fluid intake,water intake,B2,66,Science & Technology,Common,,
232,Identity,The qualities and characteristics that define a person or group.,Noun,Language can shape identity.,selfhood,character,B1,38,Personal Development,Common,,
233,Illustration,A picture or example used to explain something.,Noun,The book includes a useful illustration.,picture,example,B1,45,Communication,Common,,
234,Imagination,The ability to form ideas or pictures in the mind.,Noun,Children often have vivid imagination.,creativity,inventiveness,B1,43,Academic,Common,,
235,Immediate,Happening or needed at once.,Adjective,The patient needed immediate attention.,instant,prompt,B1,39,General,Common,,
236,Improvement,A change that makes something better.,Noun,There has been a clear improvement.,enhancement,advancement,A2,29,Society & Culture,Very Common,,
237,Independent,Able to act or make decisions without relying on others.,Adjective,She became financially independent.,self-sufficient,autonomous,A2,23,Society & Culture,Very Common,,
238,Industry,A particular area of business or economic activity.,Noun,Technology is a growing industry.,sector,trade,B1,35,Society & Culture,Common,,
239,Information,Facts or knowledge about something.,Noun,Please send the information by email.,data,knowledge,A1,6,Communication,Very Common,,
240,Innovation,"A new idea, method, or product that improves something.",Noun,Innovation drives the company forward.,invention,novelty,B2,58,General,Common,,
241,Inquiry,A request for information or a formal investigation.,Noun,We received an inquiry about the service.,investigation,query,B2,59,Academic,Common,,
242,Insight,A clear and deep understanding of something.,Noun,The interview gave us useful insight.,understanding,perception,B2,60,Academic,Common,,
243,Inspection,A careful examination to check condition or quality.,Noun,The building passed inspection.,examination,checkup,B1,43,General,Common,,
244,Inspiration,Something that gives someone an idea or motivation.,Noun,Her story became an inspiration.,motivation,stimulus,B1,40,Academic,Common,,
245,Institution,An established organization created for a particular purpose.,Noun,The university is a respected institution.,organization,establishment,B2,57,Society & Culture,Common,,
246,Insurance,Financial protection against possible loss or damage.,Noun,Car insurance is required in many places.,coverage,protection,B1,36,Business,Common,,
247,Integrity,The quality of being honest and guided by strong principles.,Noun,A leader needs integrity.,honesty,uprightness,B2,59,Personal Development,Common,,
248,Intellectual,"Relating to thinking, knowledge, or mental activity.",Adjective,The book offers an intellectual challenge.,mental,cognitive,B2,58,Society & Culture,Common,,
249,Intention,What someone plans or aims to do.,Noun,His intention was to help.,purpose,aim,B1,41,Academic,Common,,
250,Interaction,Communication or action between people or things.,Noun,The lesson encourages student interaction.,exchange,communication,B1,42,General,Common,,
251,Interesting,Holding attention because something is unusual or engaging.,Adjective,The documentary was interesting.,engaging,fascinating,A2,22,Emotion,Very Common,,
252,Internet,The worldwide system connecting computers and digital devices.,Noun,We found the information on the internet.,web,cyberspace,A1,8,General,Very Common,,
253,Interview,A formal conversation used to obtain information or assess someone.,Noun,She has a job interview tomorrow.,meeting,consultation,A2,23,Communication,Very Common,,
254,Introduction,The act of presenting someone or something for the first time.,Noun,The introduction explained the topic.,presentation,debut,B1,39,General,Common,,
255,Investigation,A careful search for facts to discover the truth.,Noun,The investigation continued for weeks.,inquiry,probe,B1,37,Academic,Common,,
256,Irrigation,The artificial supply of water to land or crops.,Noun,Irrigation helps farmers during dry periods.,watering,water supply,B2,64,General,Common,,
257,Journalism,"The work of collecting, checking, and reporting news.",Noun,She studied journalism at university.,reporting,the press,B2,60,Communication,Common,,
258,Journey,Travel from one place to another or a process of progress.,Noun,The journey took three hours.,trip,voyage,A2,26,General,Very Common,,
259,Justice,Fair treatment according to rights or accepted standards.,Noun,The victims demanded justice.,fairness,equity,B1,36,Personal Development,Common,,
260,Knowledgeable,Having a lot of knowledge about a subject.,Adjective,The guide is knowledgeable about local history.,informed,well-versed,B2,65,General,Common,,
261,Landscape,The visible features of an area of land.,Noun,The mountain landscape was beautiful.,scenery,terrain,B1,41,Travel & Places,Common,,
262,Leadership,The ability to guide or influence a group.,Noun,Good leadership builds trust.,guidance,direction,B1,37,General,Common,,
263,Legislation,Laws considered or made by a government.,Noun,New legislation changed the rules.,laws,statutes,B2,56,Communication,Common,,
264,Lifestyle,The way a person or group normally lives.,Noun,Exercise is part of her lifestyle.,way of life,habits,B1,42,Personal Development,Common,,
265,Literature,Written works valued for artistic or intellectual quality.,Noun,He enjoys African literature.,writings,literary works,B1,38,Communication,Common,,
266,Location,A particular place or position.,Noun,The restaurant has a convenient location.,place,position,A2,24,General,Very Common,,
267,Logical,Based on clear reasoning rather than emotion or guesswork.,Adjective,Her conclusion was logical.,rational,reasonable,B1,44,General,Common,,
268,Loyalty,"Strong support or faithfulness to a person, group, or cause.",Noun,The club values customer loyalty.,faithfulness,allegiance,B1,43,Personal Development,Common,,
269,Machinery,"Machines collectively, especially those used for work.",Noun,The factory needs new machinery.,equipment,machines,B1,45,General,Common,,
270,Management,The process of organizing and controlling people or resources.,Noun,Good management improves performance.,administration,supervision,B1,35,General,Common,,
271,Meaningful,"Having importance, purpose, or value.",Adjective,They had a meaningful conversation.,significant,important,B1,44,General,Common,,
272,Medication,Medicine used to treat or prevent illness.,Noun,She takes her medication as prescribed.,medicine,drug,B1,43,General,Common,,
273,Memorial,Something created to remember a person or event.,Noun,The monument serves as a memorial.,monument,tribute,B2,57,Communication,Common,,
274,Membership,The state of belonging to an organization or group.,Noun,Membership includes access to the gym.,affiliation,enrollment,B1,40,Society & Culture,Common,,
275,Migration,Movement of people or animals from one place to another.,Noun,Seasonal migration is common among birds.,movement,relocation,B2,60,General,Common,,
276,Minority,A smaller group within a larger population.,Noun,The policy protects minority communities.,subgroup,faction,B1,40,Society & Culture,Common,,
277,Mindfulness,The practice of paying deliberate attention to the present moment.,Noun,Mindfulness can improve focus.,awareness,attentiveness,B2,65,Personal Development,Common,,
278,Musical,Related to music or having a natural ability in music.,Adjective,She has strong musical talent.,melodic,tuneful,A2,28,Communication,Very Common,,
279,Narrative,A spoken or written account of connected events.,Noun,The novel has a powerful narrative.,story,account,B2,57,Communication,Common,,
280,Naturalization,The legal process by which a person becomes a citizen of a country.,Noun,He applied for naturalization after years of residence.,citizenship,,C1,83,Personal Development,Less Common,,
281,Negotiation,A discussion intended to reach an agreement.,Noun,The two sides entered negotiation.,bargaining,discussion,B2,63,Communication,Common,,
282,Neighborhood,An area of a town or city where people live.,Noun,The neighborhood is quiet at night.,district,community,A2,28,Travel & Places,Very Common,,
283,Network,"A connected system of people, computers, or organizations.",Noun,She built a professional network.,system,web,B1,36,Society & Culture,Common,,
284,Nutrition,The process of getting nutrients needed for health and growth.,Noun,Good nutrition supports healthy development.,nourishment,diet,B1,44,Science & Technology,Common,,
285,Objective,A goal or a result that someone aims to achieve.,Noun,Our main objective is customer satisfaction.,goal,aim,B1,41,Academic,Common,,
286,Observation,Something noticed through careful watching or study.,Noun,Her observation was accurate.,remark,finding,B1,44,General,Common,,
287,Occasion,A particular event or time when something happens.,Noun,It was a special occasion.,event,occurrence,B1,41,Society & Culture,Common,,
288,Occupation,A person's job or profession.,Noun,Teaching is his occupation.,job,profession,B1,43,General,Common,,
289,Optimistic,Expecting positive results or believing things will improve.,Adjective,She remains optimistic about the future.,hopeful,positive,B1,45,General,Common,,
290,Organization,A structured group or the act of arranging things systematically.,Noun,The organization supports young entrepreneurs.,institution,association,A2,23,Society & Culture,Very Common,,
291,Orientation,An introduction that helps someone understand a new place or activity.,Noun,New students attended orientation.,induction,briefing,B2,61,General,Common,,
292,Ownership,The state of legally possessing something.,Noun,He transferred ownership of the property.,possession,proprietorship,B1,40,Business,Common,,
293,Participation,The act of taking part in something.,Noun,Active participation improves learning.,involvement,engagement,B1,41,General,Common,,
294,Passenger,A person traveling in a vehicle but not operating it.,Noun,Every passenger must wear a seat belt.,rider,traveler,A2,30,Society & Culture,Very Common,,
295,Payment,"Money given in exchange for goods, services, or a debt.",Noun,The payment arrived yesterday.,fee,settlement,A2,26,Business,Very Common,,
296,Performance,"How well someone or something does a task, or a public presentation.",Noun,The team's performance improved.,execution,show,B1,35,Communication,Common,,
297,Personalize,To change something so it suits a particular person.,Verb,You can personalize the settings.,customize,tailor,B2,67,Science & Technology,Common,,
298,Photograph,A picture made using a camera.,Noun,She took a photograph of the sunset.,picture,photo,A1,16,General,Very Common,,
299,Physical,Related to the body or something that can be touched.,Adjective,Regular physical activity is important.,bodily,corporeal,A2,22,General,Very Common,,
300,Pollution,Harmful substances introduced into the environment.,Noun,Air pollution affects public health.,contamination,impurity,B1,43,Personal Development,Common,,
301,Population,All the people or animals living in a particular area.,Noun,The city's population is growing.,inhabitants,residents,A2,22,Society & Culture,Very Common,,
302,Positive,"Having a helpful, hopeful, or favorable quality.",Adjective,She gave me positive feedback.,optimistic,favorable,A2,22,Communication,Very Common,,
303,Practical,Useful and suitable for real situations.,Adjective,We need a practical solution.,useful,functional,B1,39,General,Common,,
304,Preparation,The act of getting ready for something.,Noun,Good preparation improves confidence.,readiness,arrangement,B1,41,General,Common,,
305,Presentation,A formal talk or display explaining something.,Noun,He gave a presentation to the board.,talk,demonstration,B1,41,General,Common,,
306,Prevention,Action taken to stop something harmful from happening.,Noun,Vaccination supports disease prevention.,avoidance,deterrence,B2,58,General,Common,,
307,Productivity,The amount of useful work produced in a given period.,Noun,Better planning increased productivity.,efficiency,output,B2,60,Personal Development,Common,,
308,Professional,"Relating to a job or showing skilled, appropriate behavior.",Adjective,Her email was professional.,skilled,competent,B1,35,Society & Culture,Common,,
309,Promotion,Advancement at work or activity used to encourage sales.,Noun,He received a promotion.,advancement,upgrade,B1,40,Communication,Common,,
310,Pronounce,To say a word using its accepted sounds.,Verb,Can you pronounce this word?,articulate,enunciate,B1,46,Communication,Common,,
311,Pronunciation,The way a word is spoken.,Noun,Her pronunciation is improving.,articulation,diction,B1,47,Communication,Common,,
312,Proposal,A formal suggestion or plan presented for consideration.,Noun,They submitted a project proposal.,suggestion,plan,B2,56,Communication,Common,,
313,Protection,The act of keeping someone or something safe from harm.,Noun,The helmet provides protection.,safeguard,defense,A2,24,General,Very Common,,
314,Psychological,"Related to the mind, emotions, or behavior.",Adjective,Stress can have psychological effects.,mental,emotional,B2,59,General,Common,,
315,Publication,"A work such as a book, article, or magazine made public.",Noun,The research appeared in a major publication.,periodical,journal,B2,56,Communication,Common,,
316,Purchasing,The activity of buying goods or services.,Noun,The company handles purchasing centrally.,buying,procurement,B1,44,General,Common,,
317,Qualification,"An official skill, certificate, or condition needed for something.",Noun,The job requires a professional qualification.,credential,certification,B2,63,Personal Development,Common,,
318,Questioning,The act of asking questions to obtain information or challenge an idea.,Noun,His questioning revealed an important detail.,interrogation,inquiry,B1,44,Communication,Common,,
319,Reaction,A response to something that happens or is said.,Noun,Her reaction was unexpected.,response,reply,A2,25,Science & Technology,Very Common,,
320,Reasonable,"Fair, sensible, and based on good judgment.",Adjective,That is a reasonable request.,sensible,fair,B1,38,General,Common,,
321,Recognition,"The act of identifying, acknowledging, or honoring someone or something.",Noun,The award gave her recognition.,acknowledgment,identification,B2,56,Personal Development,Common,,
322,Recommendation,Advice suggesting that someone or something is suitable.,Noun,The doctor made a recommendation.,suggestion,endorsement,B1,44,Communication,Common,,
323,Recovery,The process of returning to health or a normal state.,Noun,His recovery was gradual.,healing,restoration,B1,38,Society & Culture,Common,,
324,Recreation,Activities done for enjoyment and relaxation.,Noun,Swimming is a popular form of recreation.,leisure,amusement,B1,44,General,Common,,
325,Recycling,The process of converting used materials into reusable products.,Noun,Recycling reduces waste.,reprocessing,reclamation,A2,32,General,Very Common,,
326,Regional,Relating to a particular area or region.,Adjective,The company has regional offices.,local,territorial,B1,37,Academic,Common,,
327,Relationship,A connection between people or groups.,Noun,Trust strengthens a relationship.,connection,bond,A2,21,Academic,Very Common,,
328,Relaxation,The state of being less tense or stressed.,Noun,Music helps with relaxation.,rest,ease,A2,32,Science & Technology,Very Common,,
329,Reliable,Consistently dependable or trustworthy.,Adjective,We need a reliable internet connection.,dependable,trustworthy,B1,42,General,Common,,
330,Reputation,The general opinion people have about someone or something.,Noun,The business has a good reputation.,standing,image,B1,40,Personal Development,Common,,
331,Reservation,An arrangement to keep a place or service for a particular person.,Noun,I made a hotel reservation.,booking,arrangement,B1,45,Travel & Places,Common,,
332,Resistance,The act of opposing or withstanding something.,Noun,The material offers resistance to heat.,opposition,defiance,B1,39,General,Common,,
333,Resolution,A firm decision to do something or a solution to a problem.,Noun,She made a resolution to study daily.,decision,solution,B2,55,Communication,Common,,
334,Resource,A useful supply of something that can be used.,Noun,Water is a valuable resource.,supply,asset,A2,30,Business,Very Common,,
335,Respectful,Showing respect toward others.,Adjective,Please remain respectful during the debate.,polite,courteous,B1,46,General,Common,,
336,Restaurant,A place where people pay to eat prepared food.,Noun,We found a quiet restaurant nearby.,eatery,diner,A1,12,General,Very Common,,
337,Restoration,The process of returning something to its former or better condition.,Noun,The building needs restoration.,renovation,repair,B2,60,General,Common,,
338,Restriction,A rule or condition that limits what can be done.,Noun,There is a restriction on parking.,limitation,constraint,B1,46,Academic,Common,,
339,Retirement,The period when someone stops working permanently.,Noun,He plans to travel after retirement.,superannuation,withdrawal,B1,39,Personal Development,Common,,
340,Revenue,Income received by a business or organization.,Noun,The company increased its revenue.,income,earnings,B2,55,Business,Common,,
341,Romantic,Related to love or emotional affection.,Adjective,They planned a romantic dinner.,loving,affectionate,B1,40,Society & Culture,Common,,
342,Routine,A regular way of doing things.,Noun,Morning exercise is part of my routine.,habit,regimen,B1,41,General,Common,,
343,Scholarship,Financial support given to a student for education.,Noun,She received a university scholarship.,grant,bursary,B1,43,Business,Common,,
344,Scientific,Based on or relating to science and systematic investigation.,Adjective,The report uses scientific evidence.,systematic,empirical,B1,38,Academic,Common,,
345,Security,"Protection from danger, loss, or unauthorized access.",Noun,The building has strong security.,safety,protection,A2,21,Personal Development,Very Common,,
346,Selection,The act or result of choosing from a group of options.,Noun,The store has a wide selection.,choice,pick,B1,38,General,Common,,
347,Sensitive,"Quick to notice or react to feelings, changes, or problems.",Adjective,He is sensitive to criticism.,perceptive,responsive,B1,40,Society & Culture,Common,,
348,Simulation,A model or imitation of a real process or situation.,Noun,The pilot trained in a flight simulation.,imitation,model,B2,62,General,Common,,
349,Sincerity,The quality of being genuine and honest.,Noun,Her sincerity was obvious.,honesty,genuineness,B2,66,Emotion,Common,,
350,Socialize,To spend time with other people in a friendly way.,Verb,We socialize with our neighbors.,mingle,interact,B1,47,Society & Culture,Common,,
351,Software,Programs and instructions used by a computer.,Noun,The software needs an update.,programs,applications,A2,24,Communication,Very Common,,
352,Solidarity,Unity and mutual support within a group.,Noun,The workers showed solidarity.,unity,cohesion,B2,63,Personal Development,Common,,
353,Solution,A way of solving a problem.,Noun,We found a simple solution.,answer,resolution,A2,24,Science & Technology,Very Common,,
354,Spending,The act of using money to buy goods or services.,Noun,Careful spending can improve savings.,expenditure,outlay,B1,37,General,Common,,
355,Stability,The condition of being steady and unlikely to change suddenly.,Noun,The economy needs stability.,steadiness,firmness,B2,58,Personal Development,Common,,
356,Statement,Something said or written that expresses an idea or fact.,Noun,The company released a statement.,declaration,assertion,B1,36,Communication,Common,,
357,Strategic,Planned to achieve a particular long-term goal.,Adjective,They made a strategic decision.,calculated,planned,B2,56,Academic,Common,,
358,Strengthen,To make something stronger or more effective.,Verb,Exercise can strengthen your muscles.,reinforce,fortify,B1,44,Science & Technology,Common,,
359,Strengthening,The process of making something stronger.,Noun,The program focuses on strengthening skills.,reinforcement,fortification,B2,63,Society & Culture,Common,,
360,Structure,The way parts are organized or a physical framework.,Noun,The report has a clear structure.,framework,organization,B1,36,General,Common,,
361,Substantial,Large or important enough to matter.,Adjective,They made substantial progress.,considerable,significant,B2,58,General,Common,,
362,Suggestion,An idea offered for consideration.,Noun,She made a helpful suggestion.,proposal,recommendation,B1,42,Academic,Common,,
363,Sustainable,Able to continue without causing unacceptable harm.,Adjective,The farm uses sustainable methods.,renewable,viable,B2,60,Academic,Common,,
364,Sympathy,Feelings of care or sorrow for someone else's difficulty.,Noun,She expressed sympathy for the family.,compassion,pity,B1,45,Academic,Common,,
365,Technology,The practical use of scientific knowledge through tools and systems.,Noun,Technology changes how we work.,tech,engineering,A2,22,General,Very Common,,
366,Telephone,A device used to communicate by voice over distance.,Noun,Please call me on the telephone.,phone,handset,A1,15,General,Very Common,,
367,Television,A system or device used to transmit and watch moving images and sound.,Noun,We watched the news on television.,TV,telly,A1,11,Communication,Very Common,,
368,Temperature,A measure of how hot or cold something is.,Noun,The temperature dropped overnight.,heat,warmth,A2,27,Personal Development,Very Common,,
369,Tenderness,"Gentle care, affection, or sensitivity.",Noun,She treated the child with tenderness.,affection,gentleness,B2,66,Personal Development,Common,,
370,Terminal,A place or point where a journey or transport route ends.,Noun,The bus arrived at the terminal.,station,terminus,B1,42,General,Common,,
371,Territory,"An area of land controlled or occupied by a person, group, or animal.",Noun,The birds defend their territory.,land,region,B1,38,Travel & Places,Common,,
372,Theoretical,Based mainly on ideas or principles rather than practical experience.,Adjective,The course includes theoretical work.,abstract,hypothetical,B2,62,General,Common,,
373,Thoughtful,Showing care and consideration for others.,Adjective,That was a thoughtful gift.,considerate,caring,B1,46,General,Common,,
374,Tourism,Traveling for pleasure and the industry that supports it.,Noun,Tourism supports the local economy.,travel,sightseeing,A2,31,General,Very Common,,
375,Tradition,A custom or belief passed through generations.,Noun,The festival follows an old tradition.,custom,convention,B1,39,Academic,Common,,
376,Transaction,"An exchange involving money, goods, or services.",Noun,The bank recorded the transaction.,deal,exchange,B2,59,General,Common,,
377,Translation,A version of something written or spoken in another language.,Noun,The translation was accurate.,rendering,interpretation,B1,40,Communication,Common,,
378,Transportation,The movement of people or goods from one place to another.,Noun,Public transportation reduces traffic.,transit,conveyance,A2,27,General,Very Common,,
379,Treatment,Medical care given for an illness or condition.,Noun,The treatment lasted six weeks.,therapy,care,B1,36,General,Common,,
380,Tropical,Related to regions that are hot and often humid.,Adjective,They visited a tropical island.,torrid,equatorial,B1,43,General,Common,,
381,Trustworthy,Deserving confidence because someone is honest and reliable.,Adjective,She is a trustworthy friend.,reliable,dependable,B2,65,General,Common,,
382,Unemployment,The state of not having a job while seeking work.,Noun,Unemployment fell slightly this year.,joblessness,worklessness,B1,43,Personal Development,Common,,
383,Unselfish,Willing to help others without focusing on personal benefit.,Adjective,His unselfish actions inspired the team.,selfless,altruistic,B2,67,General,Common,,
384,Urbanization,The growth of cities as more people move into urban areas.,Noun,Rapid urbanization creates new challenges.,city growth,development,C1,81,Personal Development,Less Common,,
385,Valuable,Worth a lot of money or considered very useful or important.,Adjective,Your advice is valuable.,precious,useful,A2,28,Business,Very Common,,
386,Variety,A range of different things or types.,Noun,The menu offers a wide variety.,assortment,range,B1,37,Society & Culture,Common,,
387,Vegetable,A plant or part of a plant eaten as food.,Noun,Carrots are a nutritious vegetable.,veggie,produce,A1,17,General,Very Common,,
388,Verbalize,To express an idea or feeling in words.,Verb,She struggled to verbalize her concerns.,express,articulate,B2,67,Communication,Common,,
389,Versatile,Able to be used or adapted for many different purposes.,Adjective,This tool is versatile.,adaptable,flexible,B2,64,General,Common,,
390,Victorious,"Having won a contest, battle, or competition.",Adjective,The victorious team celebrated.,triumphant,winning,B1,47,General,Common,,
391,Virtual,Existing or occurring through digital technology rather than physically.,Adjective,We attended a virtual meeting.,digital,simulated,B1,41,General,Common,,
392,Volunteer,To offer to do something without being forced or paid.,Verb,Many students volunteer on weekends.,offer,contribute,B1,42,Society & Culture,Common,,
393,Warehouse,A large building used for storing goods.,Noun,The products are stored in a warehouse.,storehouse,depot,A2,31,General,Very Common,,
394,Weather,The condition of the atmosphere at a particular time and place.,Noun,The weather is sunny today.,climate,conditions,A1,10,Science & Technology,Very Common,,
395,Weekend,The period from Saturday to Sunday in many calendars.,Noun,We usually rest at the weekend.,days off,,A1,9,General,Very Common,,
396,Welfare,"Health, happiness, and general well-being.",Noun,The program focuses on child welfare.,well-being,wellness,B2,57,General,Common,,
397,Wireless,Using signals rather than physical cables to communicate or connect.,Adjective,The office has wireless internet.,cordless,WiFi,B1,43,Communication,Common,,
398,Wonderful,"Extremely good, enjoyable, or impressive.",Adjective,We had a wonderful evening.,amazing,fantastic,A2,24,General,Very Common,,
399,Workplace,A place where people do their jobs.,Noun,The workplace has flexible hours.,office,worksite,B1,45,General,Common,,
400,Workforce,All the people available for or engaged in work.,Noun,The company expanded its workforce.,labor force,workers,B2,62,Society & Culture,Common,,
401,Worldwide,Across the entire world.,Adverb,The product is sold worldwide.,globally,internationally,A2,28,General,Very Common,,
402,Yesterday,On the day before today.,Adverb,I finished the report yesterday.,the previous day,,A1,10,General,Very Common,,
403,Absorbing,Extremely interesting; holding one's full attention.,Adjective,The novel was so absorbing that she read it in one sitting.,engrossing,captivating,C1,79,General,Less Common,,
404,Accidental,Happening by chance rather than being planned.,Adjective,The fire was caused by an accidental spark.,unintentional,chance,B1,46,Communication,Common,,
405,Accommodate,To provide space or make adjustments for someone's needs.,Verb,The hotel can accommodate up to two hundred guests.,adjust to,cater to,B2,61,General,Common,,
406,Accomplishment,"Something achieved successfully, especially through effort.",Noun,Finishing the marathon was a great accomplishment.,achievement,feat,B2,64,General,Common,,
407,Accountability,The obligation to take responsibility for one's actions.,Noun,Leaders must show accountability for their decisions.,responsibility,liability,C1,75,Personal Development,Less Common,,
408,Accumulate,To gradually gather or increase in amount over time.,Verb,Dust began to accumulate on the shelves.,gather,amass,B2,65,Business,Common,,
409,Admiring,Showing respect or approval for someone or something.,Adjective,She gave an admiring glance at the painting.,approving,appreciative,B1,47,Emotion,Common,,
410,Advanced,Far ahead in development or progress; not basic.,Adjective,He is taking an advanced course in mathematics.,sophisticated,high-level,B1,37,Travel & Places,Common,,
411,Allegation,"A claim that someone has done something wrong, made without proof yet.",Noun,The company denied the allegation of fraud.,accusation,claim,C1,80,Communication,Less Common,,
412,Amendment,"A change made to a document, law, or proposal.",Noun,The committee approved the amendment.,revision,alteration,C1,72,General,Less Common,,
413,Anniversary,The yearly date marking an important event.,Noun,They celebrated their wedding anniversary.,commemoration,,A2,28,General,Very Common,,
414,Anticipate,To expect or prepare for something before it happens.,Verb,We anticipate heavy traffic tonight.,expect,foresee,B2,64,Academic,Common,,
415,Appearance,The way someone or something looks.,Noun,Her professional appearance impressed the client.,look,aspect,B1,37,Personal Development,Common,,
416,Appointment,An arranged meeting at a particular time.,Noun,I have a doctor's appointment tomorrow.,meeting,engagement,A2,28,General,Very Common,,
417,Argumentative,Often inclined to disagree or argue.,Adjective,His argumentative tone slowed the discussion.,quarrelsome,contentious,C1,82,General,Less Common,,
418,Associate,To connect one thing or person with another.,Verb,People often associate summer with holidays.,connect,link,B2,57,Society & Culture,Common,,
419,Atmosphere,The mood of a place or the layer of gases around a planet.,Noun,The restaurant had a relaxed atmosphere.,mood,ambiance,B1,40,Personal Development,Common,,
420,Attachment,A strong connection or an added file or object.,Noun,Please check the email attachment.,bond,connection,B2,63,Emotion,Common,,
421,Automatic,"Operating by itself, without direct human control.",Adjective,The doors open automatically when you approach.,mechanical,self-operating,B1,41,General,Common,,
422,Beneficial,Producing a useful or positive result.,Adjective,Regular exercise is beneficial to health.,helpful,advantageous,B2,61,General,Common,,
423,Biodiversity,The variety of living things in an area or ecosystem.,Noun,The forest has remarkable biodiversity.,biological diversity,species diversity,C1,80,Personal Development,Less Common,,
424,Cautious,Careful to avoid danger or mistakes.,Adjective,She took a cautious approach to the icy road.,careful,wary,B1,46,Society & Culture,Common,,
425,Celebrity,"A person who is famous, especially in entertainment.",Noun,The celebrity signed autographs for the fans.,star,famous person,B1,42,Society & Culture,Common,,
426,Civilization,A society with an advanced level of organization and culture.,Noun,Historians study the rise and fall of ancient civilizations.,society,culture,B2,62,Society & Culture,Common,,
427,Compassionate,Showing sympathy and concern for the suffering of others.,Adjective,The nurse was compassionate with every patient.,sympathetic,caring,C1,78,Emotion,Less Common,,
428,Competitor,A person or company competing against others.,Noun,Our biggest competitor just launched a new product.,rival,opponent,B1,46,Society & Culture,Common,,
429,Comprehensive,Complete and including everything that is necessary.,Adjective,The report gives a comprehensive overview of the project.,thorough,complete,B2,57,Communication,Common,,
430,Confidential,Meant to be kept private or secret.,Adjective,The documents contain confidential information.,private,secret,B2,62,General,Common,,
431,Consequence,A result or effect of an action or condition.,Noun,Missing the deadline had serious consequences.,result,outcome,B2,61,Science & Technology,Common,,
432,Considerate,Careful not to cause inconvenience or harm to others.,Adjective,He was considerate enough to lower his voice at night.,thoughtful,kind,B2,66,General,Common,,
433,Consistency,The quality of always behaving or performing in the same way.,Noun,Her consistency in training led to steady improvement.,uniformity,steadiness,B2,62,Personal Development,Common,,
434,Consultation,A meeting to discuss something or seek advice.,Noun,The doctor scheduled a consultation for next week.,meeting,discussion,B2,61,Communication,Common,,
435,Contamination,The process of making something impure or unsafe.,Noun,The spill caused contamination of the local water supply.,pollution,impurity,C1,76,Personal Development,Less Common,,
436,Conveniently,In a convenient manner; in a way that suits one's needs or avoids difficulty.,Adverb,The new bus stop is conveniently located right outside her apartment.,suitably,handily,B1,47,General,Common,,
437,Cooperative,Willing to work together with others.,Adjective,The two teams were cooperative throughout the project.,helpful,collaborative,B1,45,General,Common,,
438,Debatable,Open to question or argument; not certain.,Adjective,Whether the plan will work is still debatable.,questionable,arguable,B2,66,General,Common,,
439,Decorative,Serving to make something look more attractive.,Adjective,They added decorative lights around the room.,ornamental,attractive,B1,46,General,Common,,
440,Deliberate,"Done intentionally, not by accident.",Adjective,It was a deliberate decision to delay the launch.,intentional,purposeful,B2,63,Communication,Common,,
441,Democratic,Relating to a system of government elected by the people.,Adjective,The country held its first democratic election.,elected,representative,B1,37,General,Common,,
442,Dependability,The quality of being reliable and trustworthy.,Noun,His dependability made him a valued employee.,reliability,trustworthiness,B2,67,Personal Development,Common,,
443,Descriptive,Giving a detailed description of something.,Adjective,"The essay used vivid, descriptive language.",detailed,illustrative,B1,47,General,Common,,
444,Determination,Firmness of purpose; a strong resolve to achieve something.,Noun,Her determination helped her finish the race despite the pain.,resolve,persistence,B2,60,General,Common,,
445,Devotion,"Great love, loyalty, or commitment to someone or something.",Noun,He showed complete devotion to his family.,loyalty,dedication,B2,64,Emotion,Common,,
446,Differentiate,To recognize or show the difference between things.,Verb,It can be hard to differentiate between the two species.,distinguish,separate,C1,76,Academic,Less Common,,
447,Discrimination,Unfair treatment of a person or group based on prejudice.,Noun,The company was accused of discrimination in hiring.,prejudice,bias,B2,58,General,Common,,
448,Educational,Relating to education or providing useful knowledge.,Adjective,The museum offers many educational programs for children.,instructive,informative,A2,27,Academic,Very Common,,
449,Electricity,"A form of energy resulting from charged particles, used to power devices.",Noun,The storm knocked out electricity across the town.,power,energy,A2,29,Science & Technology,Very Common,,
450,Emotionality,The quality of being governed by or having strong emotions.,Noun,The film was praised for its emotionality.,emotiveness,sentimentality,C1,83,Personal Development,Less Common,,
451,Encouragement,Support or confidence given to someone to help them succeed.,Noun,Her coach's encouragement kept her motivated.,support,motivation,B1,46,Communication,Common,,
452,Endangered,At risk of becoming extinct or being lost.,Adjective,The panda is an endangered species.,threatened,vulnerable,B1,45,General,Common,,
453,Engineering,The application of science and math to design and build things.,Noun,She studied mechanical engineering in college.,design,construction,B1,37,General,Common,,
454,Enthusiastic,Showing intense excitement or interest.,Adjective,The fans were enthusiastic about the new season.,eager,excited,B1,46,General,Common,,
455,Entrepreneurship,The activity of starting and running a new business.,Noun,The program teaches entrepreneurship to young students.,enterprise,venture,B2,65,General,Common,,
456,Especially,To a greater degree than usual; particularly.,Adverb,She was especially proud of how the team handled the crisis.,particularly,specifically,A2,21,General,Very Common,,
457,Essentiality,The quality of being absolutely necessary.,Noun,The report emphasized the essentiality of clean water access.,necessity,indispensability,C1,84,Personal Development,Less Common,,
458,Ethical,Relating to moral principles of right and wrong.,Adjective,The company follows strict ethical guidelines.,moral,principled,B2,61,Academic,Common,,
459,Extraordinary,Very unusual or remarkable; beyond what is ordinary.,Adjective,She showed extraordinary courage during the crisis.,remarkable,exceptional,B2,57,General,Common,,
460,Flexibility,The ability to change or adapt easily.,Noun,Remote work offers flexibility.,adaptability,versatility,B1,45,Personal Development,Common,,
461,Forgiving,Willing to forgive others; not holding a grudge.,Adjective,"He has a forgiving nature, even after being hurt.",lenient,merciful,B2,65,Communication,Common,,
462,Formulate,"To create or develop something, such as a plan or idea, carefully.",Verb,The team worked together to formulate a new strategy.,devise,develop,B2,66,Communication,Common,,
463,Geographical,Relating to the physical features of the earth and its regions.,Adjective,The map shows the geographical boundaries of each country.,geographic,regional,B1,46,Academic,Common,,
464,Grateful,Feeling thankful for something received or done.,Adjective,I am grateful for your help.,thankful,appreciative,A2,30,General,Very Common,,
465,Heartbreak,"A feeling of intense sadness, especially from loss or disappointment.",Noun,Losing the championship game was a real heartbreak.,sorrow,anguish,B2,66,Emotion,Common,,
466,Helpful,Giving useful assistance or support.,Adjective,The staff were very helpful during our visit.,useful,supportive,A2,29,General,Very Common,,
467,Humility,The quality of having a modest view of one's own importance.,Noun,She accepted the award with great humility.,modesty,humbleness,B2,64,Personal Development,Common,,
468,Identification,The act of recognizing or proving who someone is.,Noun,You will need identification to enter the building.,recognition,verification,B1,43,General,Common,,
469,Impressive,"Causing admiration because of size, quality, or skill.",Adjective,His speech was impressive from start to finish.,remarkable,striking,B1,40,General,Common,,
470,Infrastructure,"The basic physical systems a society needs, such as roads and power.",Noun,The city invested heavily in its infrastructure.,facilities,framework,B2,56,General,Common,,
471,Insecure,Lacking confidence or feeling uncertain about oneself.,Adjective,He felt insecure about speaking in public.,unconfident,uncertain,B1,46,General,Common,,
472,Inspirational,Serving to inspire or motivate others.,Adjective,Her story was truly inspirational to the whole team.,motivating,uplifting,B2,63,General,Common,,
473,Instructional,Designed to teach or provide guidance.,Adjective,The video included instructional tips for beginners.,educational,instructive,B2,65,Academic,Common,,
474,Intimate,Very close and personal in a relationship.,Adjective,They shared an intimate friendship for many years.,close,personal,B2,61,Society & Culture,Common,,
475,Investment,The act of putting money or effort into something for future benefit.,Noun,Buying the house was a smart investment.,outlay,expenditure,B1,36,General,Common,,
476,Jealousy,A feeling of envy or resentment toward someone else's advantages.,Noun,His success sparked jealousy among his coworkers.,envy,resentment,B1,46,Emotion,Common,,
477,Kindness,"The quality of being friendly, generous, and considerate.",Noun,She thanked the stranger for his kindness.,generosity,compassion,A2,31,Personal Development,Very Common,,
478,Laboratory,A room or building equipped for scientific experiments.,Noun,The samples were tested in the laboratory.,lab,research center,A2,31,General,Very Common,,
479,Loneliness,The feeling of being alone or without companionship.,Noun,He struggled with loneliness after moving to a new city.,isolation,solitude,B1,47,Personal Development,Common,,
480,Memorable,Worth remembering; easy to remember because it is special.,Adjective,Their wedding was a truly memorable day.,unforgettable,notable,B1,45,General,Common,,
481,Methodical,"Done in a careful, orderly, and systematic way.",Adjective,She took a methodical approach to organizing the files.,systematic,orderly,B2,67,General,Common,,
482,Metropolitan,Relating to a large city or its surrounding area.,Adjective,Traffic is heavy across the metropolitan area.,urban,city,B2,60,Society & Culture,Common,,
483,Microbiology,The scientific study of microorganisms.,Noun,He is completing a degree in microbiology.,bacteriology,,C1,81,Academic,Less Common,,
484,Nervousness,"A feeling of worry or unease, often before something important.",Noun,She tried to hide her nervousness before the interview.,anxiety,unease,B1,47,Emotion,Common,,
485,Newspaper,"A printed publication containing news, reports, and articles.",Noun,He reads the newspaper every morning.,paper,journal,A1,14,Communication,Very Common,,
486,Noticeable,Easy to see or notice; clearly evident.,Adjective,There was a noticeable improvement in her handwriting.,obvious,evident,B1,46,General,Common,,
487,Overseas,Located in or relating to a foreign country across the sea.,Adjective,She accepted an overseas job offer in Tokyo.,foreign,international,B1,42,General,Common,,
488,Passionate,Having very strong feelings or enthusiasm for something.,Adjective,She is passionate about design.,enthusiastic,fervent,B1,44,General,Common,,
489,Personality,The set of qualities that make up a person's character.,Noun,He has a warm and outgoing personality.,character,temperament,A2,28,Personal Development,Very Common,,
490,Persuasive,Able to convince someone to believe or do something.,Adjective,She gave a persuasive argument for the new policy.,convincing,compelling,B2,65,General,Common,,
491,Photographic,Relating to photography or the taking of photographs.,Adjective,He has an almost photographic memory for faces.,pictorial,,B1,46,Academic,Common,,
492,Professionalism,Skill and behavior expected from a person in a job or trade.,Noun,The staff handled the complaint with great professionalism.,competence,expertise,B2,66,Academic,Common,,
493,Prosperity,"The state of being successful, especially financially.",Noun,The town enjoyed years of economic prosperity.,wealth,affluence,B2,62,Personal Development,Common,,
494,Reassurance,Words or actions that remove someone's doubts or fears.,Noun,The doctor offered reassurance that the surgery went well.,comfort,encouragement,B2,66,General,Common,,
495,Renewable,Able to be replaced naturally or used without running out.,Adjective,Solar power is a popular renewable energy source.,sustainable,replenishable,B1,45,General,Common,,
496,Reporter,"A person who gathers and reports news, especially for media.",Noun,The reporter interviewed witnesses at the scene.,journalist,correspondent,A2,30,Society & Culture,Very Common,,
497,Requirement,Something that is needed or demanded as necessary.,Noun,A valid passport is a requirement for international travel.,necessity,prerequisite,B1,42,Academic,Common,,
498,Respectfully,In a manner showing esteem or deference toward someone.,Adverb,He respectfully disagreed with his manager's decision.,politely,courteously,B1,47,General,Common,,
499,password,A secret word or phrase known only to a restricted group.,Noun,He forgot the password.,watchword,word,A2,23,Communication,Very Common,,
500,temporarily,For a limited time only; not permanently.,Adverb,He will work here temporarily.,briefly,,C2,88,General,Rare,,
501,abandon,To leave something completely or give it up.,Verb,The team decided to abandon the old strategy and try a new approach.,leave,give up,B1,45,General,Common,"abandonment, abandoned",Often used when something is stopped permanently.
502,ability,The skill or power to do something.,Noun,Her ability to solve complex problems made her valuable to the company.,skill,capability,A2,25,General,Common,"able, unable, abilities",Usually followed by 'to' when describing an action.
503,accurate,Correct and free from mistakes.,Adjective,The report must contain accurate information before publication.,correct,precise,B1,40,Academic,Common,"accuracy, accurately",Used when emphasizing correctness.
504,younger,Used of the younger of two persons of the same name especially used to distinguish a son from his father.,Adjective,John Junior.,jr.,,A2,27,General,Very Common,,
505,ambitious,Having a strong desire to achieve success.,Adjective,The company created an ambitious plan for international expansion.,driven,determined,B2,60,Personal Development,Common,"ambition, ambitiously","Can describe goals, people, or projects."
506,abandoned,Forsaken by owner or inhabitants.,Adjective,Weed-grown yard of an abandoned farmhouse.,derelict,deserted,B2,55,General,Common,,
507,absolutely,Completely and without qualification; used informally as intensifiers.,Adverb,An absolutely magnificent painting.,perfectly,utterly,A1,13,General,Very Common,,
508,abstract,A concept or idea not associated with any specific instance.,Noun,He loved her only in the abstract--not in person.,abstraction,,C1,73,Academic,Less Common,,
509,acceptable,Worthy of acceptance or satisfactory.,Adjective,Acceptable levels of radiation.,satisfactory,,B2,65,General,Common,"acceptability, acceptableness",
510,accepted,Generally approved or compelling recognition.,Adjective,Several accepted techniques for treating the condition.,recognized,recognised,A2,28,General,Very Common,,
511,accepting,Tolerating without protest.,Adjective,Always more accepting of coaching suggestion than her teammates.,acceptive,,C1,80,General,Less Common,,
512,accident,Anything that happens suddenly or by chance without an apparent cause.,Noun,Winning the lottery was a happy accident.,stroke,fortuity,A2,26,Society & Culture,Very Common,accidental,
513,accidentally,Without advance planning.,Adverb,They met accidentally.,by chance,circumstantially,C1,76,General,Less Common,,
514,accommodation,A settlement of differences.,Noun,They reached an accommodation with Japan.,adjustment,fitting,C2,99,Communication,Rare,accommodate,
515,accompanied,Having companions or an escort.,Adjective,There were lone gentlemen and gentlemen accompanied by their wives.,attended,,B2,55,General,Common,,
516,accomplished,Highly skilled.,Adjective,An accomplished pianist.,complete,,C1,84,General,Less Common,,
517,accordance,The act of granting rights.,Noun,The accordance to Canada of rights of access.,accordance of rights,,C2,91,General,Rare,accord,
518,according,(followed by `to') in agreement with or accordant with.,Adjective,According to instructions.,accordant,,A1,7,General,Very Common,,
519,account,A record or narrative description of past events.,Noun,He gave an inaccurate account of the plot to kill the president.,history,chronicle,A1,8,Communication,Very Common,,
520,accounting,A convincing explanation that reveals basic causes.,Noun,He was unable to give a clear accounting for his actions.,accountancy,,B2,64,Communication,Common,,
521,accuracy,The quality of being near to the true value.,Noun,He was beginning to doubt the accuracy of his compass.,truth,,C1,73,Personal Development,Less Common,,
522,achieve,To gain with effort.,Verb,She achieved her goal despite setbacks.,accomplish,attain,B1,36,Society & Culture,Common,"achievable, achievement, achiever",
523,acknowledge,Declare to be true or admit the existence or reality or truth of.,Verb,She acknowledged that she might have forgotten.,admit,,C1,80,Communication,Less Common,"acknowledgeable, acknowledgment",
524,acknowledged,Recognized or made known or admitted.,Adjective,The acknowledged leader of the community.,assumptive,,C2,96,General,Rare,,
525,acquire,Come into the possession of something concrete or abstract.,Verb,They acquired a new pet.,get,,C2,91,Business,Rare,"acquisitive, acquirable, acquiring, acquisition",
526,acquired,Gotten through environmental forces.,Adjective,Acquired characteristics (such as a suntan or a broken nose) cannot be passed on.,noninheritable,nonheritable,B2,55,General,Common,,
527,actively,In an active manner.,Adverb,He participated actively in the war.,energetically,,C1,74,General,Less Common,,
528,activity,Any specific behavior.,Noun,They avoided all recreational activity.,action,activeness,A2,32,General,Very Common,active,
529,actually,In actual fact.,Adverb,To be nominally but not actually independent.,really,,A1,6,General,Very Common,,
530,adapted,Changed in order to improve or made more fit for a particular purpose.,Adjective,Seeds precisely adapted to the area.,altered,,C1,81,General,Less Common,,
531,addiction,(Roman law) a formal award by a magistrate of a thing or person to another person (as the award of a debtor to his creditor); a surrender to a master.,Noun,Under Roman law addiction was the justification for slavery.,dependence,dependance,C1,73,General,Less Common,addict,
532,addition,A component that is added to something to improve it.,Noun,The addition of a bathroom was a major improvement.,add-on,improver,A1,12,General,Very Common,add,
533,additional,Further or added.,Adjective,Called for additional troops.,extra,,A1,13,General,Very Common,,
534,additionally,"In addition, by way of addition; furthermore.",Adverb,He serves additionally as the CEO.,to boot,,C1,78,General,Less Common,,
535,address,The act of delivering a formal spoken communication to an audience.,Noun,He listened to an address on minor Roman poets.,speech,,A2,30,Communication,Very Common,,
536,addressed,(of mail) marked with a destination.,Adjective,I throw away all mail addressed to `resident'.,labeled,,B2,66,General,Common,,
537,adjacent,Nearest in space or position; immediately adjoining without intervening space.,Adjective,Had adjacent rooms.,next,side by side,C2,92,General,Rare,adjacency,
538,adjusted,Altered to accommodate to certain requirements or bring into a proper relation.,Adjective,An adjusted insurance claim.,familiarized,familiarised,C2,93,General,Rare,,
539,administration,The persons (or committees or departments etc.) who make up a body for the purpose of administering something.,Noun,He claims that the present administration is corrupt.,governance,governing body,A2,29,Society & Culture,Very Common,administer,
540,admission,The act of admitting someone to enter.,Noun,The surgery was performed on his second admission to the clinic.,admittance,,C1,72,General,Less Common,admit,
541,adopted,Acquired as your own by free choice.,Adjective,My adopted state.,adoptive,,B1,40,General,Common,,
542,adoption,The act of accepting with approval; favorable reception.,Noun,Its adoption by society.,acceptance,acceptation,C1,82,General,Less Common,adopt,
543,advance,A tentative suggestion designed to elicit the reactions of others.,Noun,She rejected his advances.,overture,approach,B1,44,Communication,Common,,
544,advised,Having the benefit of careful prior consideration or counsel.,Adjective,A well-advised delay in carrying out the plan.,well-advised,,C1,80,General,Less Common,,
545,advisory,An announcement that usually advises or warns the public of some threat.,Noun,A frost advisory.,announcement,promulgation,C1,80,Communication,Less Common,advise,
546,affairs,Matters of personal concern.,Noun,Get his affairs in order.,personal business,personal matters,A2,28,Academic,Very Common,,
547,affected,Being excited or provoked to the expression of an emotion.,Adjective,Too moved to speak.,moved,stirred,B1,44,General,Common,,
548,affecting,Arousing affect.,Adjective,The homecoming of the released hostages was an affecting scene.,poignant,touching,C2,98,General,Rare,,
549,afghanistan,A mountainous landlocked country in central Asia; bordered by Iran to the west and Russia to the north and Pakistan to the east and south.,Noun,Soviet troops invaded Afghanistan in 1979.,Islamic State of Afghanistan,,C1,74,Travel & Places,Less Common,Afghan,
550,african,Of or relating to the nations of Africa or their peoples.,Adjective,African languages.,Afric,,A2,22,Academic,Very Common,Africa,
551,afternoon,The part of the day between noon and evening.,Noun,He spent a quiet afternoon in the park.,day,daytime,A2,25,General,Very Common,,
552,afterwards,Happening at a time subsequent to a reference time.,Adverb,He apologized subsequently.,subsequently,later,B2,66,General,Common,,
553,aggressive,Having or showing determination and energetic pursuit of your ends.,Adjective,An aggressive businessman.,belligerent,,B2,61,General,Common,aggressiveness,
554,agricultural,Relating to or used in or promoting agriculture or farming.,Adjective,Agricultural engineering.,agrarian,farming,B2,60,Academic,Common,,
555,alabama,A member of the Muskhogean people formerly living in what is now the state of Alabama.,Noun,The Alabamas were members of the Creek Confederacy.,AL,,B2,66,Society & Culture,Common,,
556,alcohol,A liquor or brew containing alcohol as the active agent.,Noun,Alcohol (or drink) ruined him.,alcoholic drink,alcoholic beverage,B1,46,General,Common,"alcoholic, alcoholize",
557,alleged,Declared but not proved.,Adjective,Alleged abuses of housing benefits.,supposed,,B2,57,General,Common,,
558,allegedly,According to what has been alleged.,Adverb,He was on trial for allegedly murdering his wife.,supposedly,,C2,99,General,Rare,,
559,alliance,A connection based on kinship or marriage or common interest.,Noun,The shifting alliances within a large family.,bond,,B2,55,Academic,Common,,
560,alongside,Side by side.,Adverb,Anchored close aboard another ship.,aboard,,B1,44,General,Common,,
561,already,Prior to a specified or implied time.,Adverb,She has already graduated.,previously,,A1,5,General,Very Common,,
562,alright,Without doubt (used to reinforce an assertion).,Adverb,It's expensive all right.,all right,,B2,66,General,Common,,
563,alternate,Every second one of a series.,Adjective,The cleaning lady comes on alternate Wednesdays.,alternative,substitute,C2,93,General,Rare,,
564,altogether,Informal terms for nakedness.,Noun,In the altogether.,raw,birthday suit,C2,98,Personal Development,Rare,,
565,amateur,Engaged in as a pastime.,Adjective,An amateur painter.,recreational,unpaid,C1,76,General,Less Common,,
566,amazing,Surprising greatly.,Adjective,She does an amazing amount of work.,astonishing,,A1,10,General,Very Common,,
567,ambassador,An informal representative.,Noun,An ambassador of good will.,embassador,,B2,59,Society & Culture,Common,,
568,american,Of or relating to the United States of America or its people or language or culture.,Adjective,American citizens.,Yankee,,A1,6,Academic,Very Common,"Americanize, America",
569,animated,Having life or vigor or spirit.,Adjective,An animated and expressive face.,alive,,C2,98,General,Rare,,
570,animation,The condition of living or the state of being alive.,Noun,While there's life there's hope.,life,living,C1,80,Personal Development,Less Common,,
571,announce,Give the names of.,Verb,He announced the winners of the spelling bee.,denote,,B2,66,Communication,Common,announcer,
572,announced,Declared publicly; made widely known.,Adjective,Their announced intentions.,proclaimed,,A1,13,General,Very Common,,
573,announcement,A formal public statement.,Noun,The government made an announcement about changes in the drug war.,proclamation,annunciation,B2,62,Communication,Common,announce,
574,annoying,Causing irritation or annoyance.,Adjective,Tapping an annoying rhythm on his glass with his fork.,bothersome,galling,B2,55,General,Common,,
575,annually,Without missing a year.,Adverb,They travel to China annually.,yearly,every year,C1,83,General,Less Common,,
576,anonymous,Having no known name or identity or known source.,Adjective,Anonymous authors.,anon.,,C1,82,General,Less Common,anonymity,
577,another,Any of various alternatives; some other.,Adjective,Put it off to another (or some other) day.,some other,,A1,5,General,Very Common,,
578,answering,Replying.,Adjective,An answering glance.,respondent,,C2,98,General,Rare,,
579,anxious,Eagerly desirous.,Adjective,Anxious to see the new show at the museum.,dying,,C2,95,General,Rare,,
580,anymore,At the present or from now on; usually used with a negative.,Adverb,Alice doesn't live here anymore.,any longer,,A2,29,General,Very Common,,
581,anywhere,At or in or to any place; ; (`anyplace' is used informally for `anywhere').,Adverb,You can find this food anywhere.,anyplace,,A2,26,General,Very Common,,
582,apologize,Acknowledge faults or shortcomings or failing.,Verb,I apologized for being late.,apologise,,C1,83,Communication,Less Common,apology,
583,apparent,Clearly revealed to the mind or the senses or judgment.,Adjective,The effects of the drought are apparent to anyone who sees the parched fields.,evident,manifest,B2,61,General,Common,"apparency, appear, apparentness",
584,apparently,From appearances alone.,Adverb,Irrigation often produces bumper crops from apparently desert land.,seemingly,ostensibly,A2,22,General,Very Common,,
585,applicable,Capable of being applied; having relevance.,Adjective,Gave applicable examples to support her argument.,relevant,,C2,91,General,Rare,"apply, applicability",
586,application,The act of bringing something to bear; using it for a particular purpose.,Noun,He advocated the application of statistics to the problem.,practical application,,A2,32,General,Very Common,apply,
587,applied,Concerned with concrete problems or data rather than with fundamental principles.,Adjective,Applied physics.,forensic,,A2,28,General,Very Common,,
588,appointed,Selected for a job.,Adjective,The one appointed for guard duty.,appointive,,B1,35,General,Common,,
589,appreciated,Fully understood or grasped.,Adjective,Dangers not yet appreciated.,apprehended,comprehended,C1,83,General,Less Common,,
590,approach,Ideas or actions intended to deal with a problem or situation.,Noun,His approach to every problem is to draw up a list of pros and cons.,attack,plan of attack,A2,30,General,Very Common,,
591,approaching,Of the relatively near future.,Adjective,The approaching election.,coming,forthcoming,C1,82,General,Less Common,,
592,approve,Give sanction to.,Verb,I approve of his educational policies.,O.K.,okay,C2,96,Communication,Rare,"approbative, approbation, approver, approval",
593,approved,Established by authority; given authoritative approval.,Adjective,A list of approved candidates.,sanctioned,,B1,44,General,Common,,
594,approximately,(of quantities) imprecise but fairly close to correct.,Adverb,Lasted approximately an hour.,about,close to,B1,44,General,Common,,
595,architecture,The discipline dealing with the principles of design and construction and ornamentation of fine buildings.,Noun,Architecture and eloquence are mixed arts whose end is sometimes beauty and sometimes use.,discipline,subject,B2,66,Academic,Common,,
596,arguing,A contentious speech act; a dispute where there is strong disagreement.,Noun,They were involved in a violent argument.,controversy,contention,B2,55,Communication,Common,,
597,arranged,Disposed or placed in a particular kind of order.,Adjective,The carefully arranged chessmen.,ordered,,B2,62,General,Common,,
598,arrangement,The thing arranged or agreed to.,Noun,They made arrangements to meet in Chicago.,agreement,,B2,55,Academic,Common,arrange,
599,article,One of a class of artifacts.,Noun,An article of clothing.,clause,,A1,10,General,Very Common,,
600,artistic,Relating to or characteristic of art or artists.,Adjective,His artistic background.,aesthetic,esthetic,C1,82,Academic,Less Common,"artist, art",
601,artwork,Photographs or other visual representations in a printed publication.,Noun,The publisher was responsible for all the artwork in the book.,art,graphics,C2,93,Communication,Rare,,
602,ashamed,Feeling shame or guilt or embarrassment or remorse.,Adjective,Are you ashamed for having lied?,embarrassed,humiliated,C2,99,General,Rare,,
603,assault,Attack someone physically or emotionally.,Verb,The mugger assaulted the woman.,assail,set on,B1,45,Business,Common,"assaultive, assaulter",
604,assembly,The social act of assembling.,Noun,They demanded the right of assembly.,assemblage,gathering,B1,46,General,Common,,
605,assigned,Appointed to a post or duty.,Adjective,Assigned personnel.,allotted,,B2,56,General,Common,,
606,assignment,The act of distributing something to designated places or persons.,Noun,The first task is the assignment of an address to each datum.,assigning,,C1,80,General,Less Common,assign,
607,assistant,A person who contributes to the fulfillment of a need or furtherance of an effort or purpose.,Noun,My invaluable assistant.,helper,help,A2,25,Society & Culture,Very Common,assist,
608,association,A formal organization of people or groups of people.,Noun,He joined the Modern Language Association.,connection,connexion,A1,12,Society & Culture,Very Common,associate,
609,assumed,Adopted in order to deceive.,Adjective,An assumed name.,false,fictitious,B2,56,General,Common,,
610,assuming,Excessively forward.,Adjective,On a subject like this it would be too assuming for me to decide.,assumptive,presumptuous,C1,74,General,Less Common,,
611,assumption,A statement that is assumed to be true and from which a conclusion can be drawn.,Noun,On the assumption that he has been injured we can infer that he will not to play.,premise,premiss,C2,98,Communication,Rare,assume,
612,assured,Marked by assurance; exhibiting confidence.,Adjective,She paints with an assured hand.,confident,,C2,98,General,Rare,,
613,athletic,Relating to or befitting athletics or athletes.,Adjective,Athletic facilities.,acrobatic,gymnastic,C2,92,Academic,Rare,athlete,
614,atlantic,Relating to or bordering the Atlantic Ocean.,Adjective,Atlantic currents.,oceanic,,B2,56,Academic,Common,,
615,attached,Being joined in close association.,Adjective,All art schools whether independent or attached to universities.,affiliated,connected,B1,39,General,Common,,
616,attempt,The act of attacking.,Noun,They made an attempt on his life.,attack,,A2,20,General,Very Common,,
617,attempted,Tried unsuccessfully.,Adjective,Attempted murder.,unsuccessful,,B2,66,General,Common,,
618,attendance,The frequency with which a person is present.,Noun,A student's attendance is an important factor in her grade.,attending,,C1,82,General,Less Common,attendant,
619,attitude,A complex mental state involving beliefs and feelings and values and dispositions to act in certain ways.,Noun,He had the attitude that work was fun.,mental attitude,,B1,36,Academic,Common,,
620,attract,Direct toward itself or oneself by means of some psychological power or physical attributes.,Verb,Her good looks attract the stares of many men.,pull,pull in,C1,78,General,Less Common,"attractive, attraction",
621,attraction,The quality of arousing interest; being attractive or something that attracts.,Noun,Her personality held a strange attraction for him.,attractiveness,,C2,93,Personal Development,Rare,attract,
622,audience,A gathering of spectators or listeners at a (usually public) performance.,Noun,The audience applauded.,hearing,,A2,25,Society & Culture,Very Common,,
623,australian,Of or relating to or characteristic of Australia or its inhabitants or its languages.,Adjective,Australian deserts.,Aussie,,A2,30,Academic,Very Common,Australia,
624,authorities,The organization that is the governing authority of a political unit.,Noun,The matter was referred to higher authorities.,government,regime,B1,44,Society & Culture,Common,,
625,authorized,Sanctioned by established authority.,Adjective,The authorized biography.,authoritative,authorised,C2,92,General,Rare,,
626,automatically,In a reflex manner.,Adverb,He answered automatically.,mechanically,,B1,39,General,Common,,
627,average,An intermediate scale value regarded as normal or usual.,Noun,He is about average in height.,norm,,A1,8,Academic,Very Common,,
628,aviation,Travel via aircraft.,Noun,Air travel involves too much waiting in airports.,air travel,air,C1,82,General,Less Common,,
629,awesome,Inspiring awe or admiration or wonder.,Adjective,The awesome complexity of the universe.,amazing,awe-inspiring,A2,30,General,Very Common,,
630,awkward,Causing inconvenience.,Adjective,They arrived at an awkward time.,embarrassing,sticky,B2,64,General,Common,,
631,background,A person's social heritage: previous experience or training.,Noun,He is a lawyer with a sports background.,ground,,A2,23,Personal Development,Very Common,,
632,backing,The act of providing approval and support.,Noun,His vigorous backing of the conservatives got him in trouble with progressives.,backup,championship,C1,74,General,Less Common,back,
633,balance,Harmonious arrangement or relation of parts or elements within a whole (as in a design).,Noun,In all perfectly beautiful objects there is found the opposition of one part to another and a reciprocal balance.,proportion,proportionality,A2,24,Personal Development,Very Common,,
634,bankruptcy,A state of complete lack of some abstract property.,Noun,Spiritual bankruptcy.,failure,,C2,93,Personal Development,Rare,,
635,barrier,Any condition that makes it difficult to make progress or to achieve an objective.,Noun,Intolerance is a barrier to understanding.,roadblock,,C1,72,Academic,Less Common,,
636,baseball,A ball game played with a bat and ball between two teams of nine players; teams take turns at bat trying to score runs.,Noun,He played baseball in high school.,baseball game,,B1,38,General,Common,,
637,basically,In essence; at bottom or by one's (or its) very nature.,Adverb,He is basically dishonest.,fundamentally,essentially,B1,45,General,Common,,
638,battery,A collection of related things intended for use together.,Noun,Took a battery of achievement tests.,barrage,bombardment,B1,39,Society & Culture,Common,,
639,bearing,Relevant relation or interconnection.,Noun,Those issues have no bearing on our situation.,heading,aim,C1,76,Academic,Less Common,,
640,becoming,According with custom or propriety.,Adjective,Her becoming modesty.,comely,comme il faut,A2,22,General,Very Common,becomingness,
641,beginning,The event consisting of the start of something.,Noun,The beginning of the war.,commencement,first,A1,12,Society & Culture,Very Common,begin,
642,behaviour,The action or reaction of something (as a machine or substance) under specified circumstances.,Noun,The behavior of small particles can be studied in experiments.,behavior,,B2,58,Personal Development,Common,,
643,believe,Accept as true; take to be true.,Verb,I believed his report.,think,consider,A1,6,Academic,Very Common,"believable, belief, believer",
644,believing,The cognitive process that leads to convictions.,Noun,Seeing is believing.,credence,,C1,72,Academic,Less Common,,
645,benefit,Something that aids or promotes well-being.,Noun,For the benefit of all.,welfare,,A2,22,Personal Development,Very Common,beneficial,
646,besides,Making an additional point; anyway.,Adverb,"I don't want to go to a restaurant; besides, we can't afford it.",in any case,,B1,45,General,Common,,
647,between,In the interval.,Adverb,Dancing all the dances with little rest between.,betwixt,,A1,5,General,Very Common,,
648,billion,A very large indefinite number (usually hyperbole).,Noun,There were millions of flies.,million,trillion,A2,24,Academic,Very Common,,
649,binding,"The protective covering on the front, back, and spine of a book.",Noun,The book had a leather binding.,book binding,cover,C1,73,General,Less Common,bind,
650,biology,Characteristic life processes and phenomena of living organisms.,Noun,The biology of viruses.,biota,,C1,76,Science & Technology,Less Common,"biologic, biological, biologist",
651,blanket,Anything that covers.,Noun,There was a blanket of snow.,mantle,,C2,98,General,Rare,,
652,blessed,Highly favored or fortunate (as e.g. by divine grace).,Adjective,Our blessed land.,blest,,C1,74,General,Less Common,,
653,blessing,The formal act of approving.,Noun,He gave the project his blessing.,approval,approving,C2,99,General,Rare,,
654,blocked,Closed to traffic.,Adjective,The repaving results in many blocked streets.,out of use,,B2,62,General,Common,,
655,boyfriend,A man who is the lover of a girl or young woman.,Noun,If I'd known he was her boyfriend I wouldn't have asked.,fellow,beau,B1,35,Society & Culture,Common,,
656,breakdown,The act of disrupting an established order so it fails to continue.,Noun,His warning came after the breakdown of talks in London.,dislocation,,C2,94,General,Rare,break down,
657,breaking,The act of breaking something.,Noun,The breakage was unavoidable.,breakage,break,A2,24,General,Very Common,,
658,breathe,"Draw air into, and expel out of, the lungs.",Verb,I can breathe better when the air is clean.,take a breath,respire,B2,66,Health & Wellness,Common,"breather, breathing",
659,breathing,Passing or able to pass air in and out of the lungs normally; sometimes used in combination.,Adjective,The boy was disappointed to find only skeletons instead of living breathing dinosaurs.,eupneic,eupnoeic,B2,65,General,Common,,
660,breeding,The result of good upbringing (especially knowledge of correct social behavior).,Noun,A woman of breeding and refinement.,education,training,C2,96,Personal Development,Rare,,
661,briefly,For a short time.,Adverb,She visited him briefly.,concisely,shortly,C1,76,General,Less Common,,
662,bringing,The act of delivering or distributing something (as goods or mail).,Noun,His reluctant delivery of bad news.,delivery,,A2,26,General,Very Common,,
663,british,Of or relating to or characteristic of Great Britain or its people or culture.,Adjective,His wife is British.,Britannic,,A1,8,Academic,Very Common,,
664,broadcast,"Sow over a wide area, especially by hand.",Verb,Broadcast seeds.,air,send,B2,56,General,Common,broadcaster,
665,brother,A male with the same parents as someone else.,Noun,My brother still lives with our parents.,blood brother,,A1,9,Society & Culture,Very Common,brotherly,
666,building,A structure that has a roof and walls and stands more or less permanently in one place.,Noun,There was a three-story building on the corner.,edifice,,A1,7,General,Very Common,,
667,bullshit,Obscene words for unacceptable behavior.,Noun,I put up with a lot of bullshit from that jerk.,bull,Irish bull,B1,43,Communication,Common,,
668,burning,The act of burning something.,Noun,The burning of leaves was prohibited by a town ordinance.,combustion,,B1,41,General,Common,,
669,business,A commercial or industrial enterprise and the people who constitute it.,Noun,He bought his brother's business.,concern,business concern,A1,5,Society & Culture,Very Common,,
670,calculated,Carefully thought out in advance.,Adjective,A calculated insult.,deliberate,measured,C2,94,General,Rare,,
671,calendar,A list or register of events (appointments or social events or court cases etc).,Noun,I have you on my calendar for next Monday.,list,listing,B2,63,Communication,Common,,
672,campaign,A race between candidates for elective office.,Noun,I managed his campaign for governor.,political campaign,run,A1,12,Society & Culture,Very Common,,
673,cancelled,(of events) no longer planned or scheduled.,Adjective,The wedding is definitely off.,off,,C1,76,General,Less Common,,
674,capable,(usually followed by `of') having capacity or ability.,Adjective,Capable of winning.,open,subject,B1,46,General,Common,"capableness, capability",
675,capacity,Capability to perform or produce.,Noun,Among his gifts is his capacity for true altruism.,capability,,A2,26,Personal Development,Very Common,capacitate,
676,captain,The leader of a group of people.,Noun,A captain of industry.,chieftain,,A2,31,Society & Culture,Very Common,,
677,capture,Succeed in representing or expressing something intangible.,Verb,Capture the essence of Spring.,get,catch,B2,66,Arts & Creativity,Common,,
678,carefully,Taking care or paying attention.,Adverb,They watched carefully.,cautiously,,B1,44,General,Common,,
679,carrier,Someone whose employment involves carrying something.,Noun,The bonds were transmitted by carrier.,bearer,toter,B2,64,Society & Culture,Common,carry,
680,catching,Becoming infected.,Noun,Catching cold is sometimes unavoidable.,contracting,,C1,78,General,Less Common,,
681,category,A collection of things sharing a common attribute.,Noun,There are two classes of detergents.,class,family,B1,36,Society & Culture,Common,"categorial, categorical, categoric, categorize",
682,catholic,Of or relating to or supporting Catholicism.,Adjective,The Catholic Church.,Roman,,B1,38,Academic,Common,Catholicism,
683,ceiling,The overhead upper surface of a covered space.,Noun,He hated painting the ceiling.,roof,cap,C1,80,General,Less Common,,
684,celebrate,Behave as expected during of holidays or rites.,Verb,Celebrate Christmas.,observe,keep,B1,41,Society & Culture,Common,"celebration, celebrant, celebrator",
685,celebrated,Widely known and esteemed.,Adjective,A celebrated musician.,famed,far-famed,C1,73,General,Less Common,,
686,central,Serving as an essential component.,Adjective,The central cause of the problem.,cardinal,fundamental,A1,9,General,Very Common,center,
687,certain,Definite but not specified or identified.,Adjective,Set aside a certain sum each week.,sure,,A1,8,General,Very Common,,
688,certainly,Definitely or positively (`sure' is sometimes used informally for `surely').,Adverb,She certainly is a hard worker.,surely,sure,A1,12,General,Very Common,,
689,certificate,A formal declaration that documents a fact of relevance to finance and investment; the holder has a right to receive interest or dividends.,Noun,He held several valuable securities.,security,,B2,64,Business,Common,certify,
690,certified,Endorsed authoritatively as having met certain requirements.,Adjective,A certified public accountant.,certifiable,,C1,74,General,Less Common,,
691,chairman,The officer who presides at the meetings of an organization.,Noun,Address your remarks to the chairperson.,president,chairwoman,A2,22,Society & Culture,Very Common,chairmanship,
692,challenging,Requiring full use of your abilities or resources.,Adjective,Performed the most challenging task without a mistake.,ambitious,,B2,65,General,Common,,
693,chamber,An enclosed volume in the body.,Noun,The chambers of his heart were healthy.,bedroom,bedchamber,B1,43,Health & Wellness,Common,,
694,champion,Holding first place in a contest.,Adjective,A champion show dog.,prizewinning,,B1,45,General,Common,,
695,championship,The status of being a champion.,Noun,He held the title for two years.,title,,B1,38,Personal Development,Common,,
696,changed,Made or become different in nature or form.,Adjective,Changed attitudes.,varied,,A1,10,General,Very Common,,
697,channel,A path over which electrical signals can pass.,Noun,A channel is typically what you rent from a telephone company.,transmission channel,,A2,20,Communication,Very Common,channelize,
698,channels,Official routes of communication.,Noun,You have to go through channels.,channel,line,B2,57,Communication,Common,,
699,chapter,A subdivision of a written work; usually numbered and titled.,Noun,He read a chapter every night before falling asleep.,section,subdivision,B1,44,Communication,Common,,
700,charged,Of a particle or body or system; having a net amount of positive or negative electric charge.,Adjective,Charged particles.,supercharged,,B1,45,General,Common,,
701,charming,Pleasing or delighting.,Adjective,Endowed with charming manners.,magic,magical,C2,98,General,Rare,,
702,charter,Engage for service under a term of contract.,Verb,We took an apartment on a quiet street.,lease,rent,C1,74,Business,Less Common,,
703,cheating,Not faithful to a spouse or lover.,Adjective,Adulterous husbands and wives.,adulterous,two-timing,C1,78,General,Less Common,,
704,chemistry,The chemical composition and properties of a substance or object.,Noun,The chemistry of soil.,alchemy,,B2,59,Science & Technology,Common,,
705,chinese,Of or pertaining to China or its peoples or cultures.,Adjective,Chinese food.,Taiwanese,Formosan,A1,12,Academic,Very Common,,
706,christian,Relating to or characteristic of Christianity.,Adjective,Christian rites.,christlike,christly,A2,31,Academic,Very Common,"Christ, Christianity",
707,christianity,The collective body of Christians throughout the world and history (found predominantly in Europe and the Americas and Australia).,Noun,For a thousand years the Roman Catholic Church was the principal church of Christendom.,Christendom,,C1,79,Society & Culture,Less Common,Christian,
708,chronic,Being long-lasting and recurrent or characterized by long suffering.,Adjective,Chronic indigestion.,continuing,,C1,78,General,Less Common,,
709,circuit,A journey or route all the way around a particular place or area.,Noun,We took a quick circuit of the park.,tour,,B1,43,General,Common,,
710,circumstances,Your overall circumstances or condition in life (including everything that happens to you).,Noun,A victim of circumstances.,fortune,destiny,B1,35,Personal Development,Common,,
711,civilian,Associated with civil life or performed by persons who are not active members of the military.,Adjective,Civilian clothing.,noncombatant,,C1,75,General,Less Common,,
712,classic,Of recognized authority or excellence.,Adjective,Classical methods of navigation.,authoritative,classical,A2,25,General,Very Common,,
713,classified,Official classification of information or documents; withheld from general circulation.,Adjective,Thousands of classified documents have now been declassified.,restricted,,B2,67,General,Common,,
714,cleaning,The act of making something clean.,Noun,He gave his shoes a good cleaning.,cleansing,cleanup,B2,56,General,Common,clean,
715,cleared,Rid of objects or obstructions such as e.g. trees and brush.,Adjective,Cleared land.,absolved,clear,C1,78,General,Less Common,,
716,clearly,Without doubt or question.,Adverb,They were clearly lost.,intelligibly,understandably,A2,30,General,Very Common,,
717,closely,In a close relation or position in time or space.,Adverb,The onsets were closely timed.,intimately,nearly,B1,39,General,Common,,
718,closest,(superlative of `near' or `close') within the shortest distance.,Adverb,That was the time he came nearest to death.,nearest,nighest,C1,77,General,Less Common,,
719,closing,Approaching a particular destination; a coming closer; a narrowing of a gap.,Noun,The ship's rapid rate of closing gave them little time to avoid a collision.,closure,,B1,44,General,Common,close,
720,closure,Something settled or resolved; the outcome of decision making.,Noun,He needed to grieve before he could achieve a sense of closure.,settlement,resolution,C2,93,Academic,Rare,,
721,clothes,Clothing in general.,Noun,He always bought his clothes at the same store.,apparel,wearing apparel,A2,25,General,Very Common,,
722,coastal,Of or relating to a coast.,Adjective,Coastal erosion.,maritime,,C1,79,Academic,Less Common,coast,
723,cognitive,Of or being or relating to or involving cognition.,Adjective,Cognitive psychology.,mental,,C2,93,Academic,Rare,cognize,
724,collapse,A natural event caused by something suddenly falling down or caving in.,Noun,The roof is in danger of collapse.,flop,,C1,80,Society & Culture,Less Common,,
725,collect,Call for and obtain payment of.,Verb,We collected over a million dollars in outstanding debts.,take in,,B2,58,Business,Common,"collectible, collector",
726,collected,Brought together in one place.,Adjective,The collected works of Milton.,gathered,,B1,45,General,Common,,
727,collection,Request for a sum of money.,Noun,An appeal to raise money for starving children.,solicitation,appeal,A1,13,Communication,Very Common,,
728,colonial,Composed of many distinct individuals united to form a whole or colony.,Adjective,Coral is a colonial organism.,compound,,C1,82,General,Less Common,,
729,colored,Having color or a certain color; sometimes used in combination.,Adjective,Colored crepe paper.,coloured,colorful,C1,79,General,Less Common,,
730,colours,A distinguishing emblem.,Noun,His tie proclaimed his school colors.,colors,,C1,72,General,Less Common,,
731,combination,A sequence of numbers or letters that opens a combination lock.,Noun,He forgot the combination to the safe.,combining,compounding,B1,46,Society & Culture,Common,combinatorial,
732,combine,Put or add together.,Verb,Combine resources.,compound,,C2,91,Science & Technology,Rare,"combination, combining",
733,comfort,A state of being relaxed and feeling no pain.,Noun,He is a man who enjoys his comfort.,comfortableness,,B2,55,Personal Development,Common,,
734,command,The power or authority to command.,Noun,An admiral in command.,bid,bidding,A2,27,Personal Development,Very Common,,
735,comment,A statement that expresses a personal opinion or belief or adds information.,Noun,From time to time she contributed a personal comment on his account.,remark,input,A2,31,Communication,Very Common,commentate,
736,commentary,A written explanation or criticism or illustration that is added to a book or other textual material.,Noun,He wrote an extended comment on the proposal.,comment,,C1,79,Communication,Less Common,"comment, commentate",
737,commission,A fee for services rendered based on a percentage of an amount received or collected or agreed to be paid (as distinguished from a salary).,Noun,He works on commission.,committee,,A2,30,Business,Very Common,,
738,committed,"Bound or obligated, as under a pledge to a particular cause, action, or attitude.",Adjective,Committed church members.,attached,,B1,44,General,Common,committedness,
739,commonly,Under normal conditions.,Adverb,Usually she was late.,normally,usually,B2,57,General,Common,,
740,commons,A piece of open land for recreational use in an urban area.,Noun,They went for a walk in the park.,park,common,C1,73,Travel & Places,Less Common,,
741,commonwealth,A politically organized body of people under a single government.,Noun,The state has elected a new president.,state,nation,B2,60,Society & Culture,Common,,
742,communicate,Transmit information.,Verb,Please communicate this message to all employees.,pass on,pass,C1,78,Communication,Less Common,"communicative, communicatory, communication, communicator",
743,communications,The discipline that studies the principles of transmiting information and the methods by which it is delivered (as print or radio or television etc.).,Noun,Communications is his major field of study.,communication theory,,B1,35,Academic,Common,,
744,communist,Relating to or marked by communism.,Adjective,Communist Party.,communistic,,B2,61,Academic,Common,,
745,compact,Have the property of being packable or of compacting easily.,Verb,This powder compacts easily.,pack,,C2,99,General,Rare,compaction,
746,companion,A friend who is frequently in the company of another.,Noun,Drinking companions.,comrade,fellow,C2,91,Society & Culture,Rare,companionship,
747,company,An institution created to conduct business.,Noun,He started the company in his garage.,caller,,A1,5,Society & Culture,Very Common,,
748,comparable,Conforming in every respect.,Adjective,Boxes with corresponding dimensions.,corresponding,like,C2,96,General,Rare,,
749,compare,Qualities that are comparable.,Noun,Beyond compare.,comparison,equivalence,B1,45,Personal Development,Common,,
750,comparing,The act of examining resemblances.,Noun,They made a comparison of noise levels.,comparison,,C2,91,General,Rare,compare,
751,competition,A business relation in which two parties compete to gain customers.,Noun,Business competition can be fiendish at times.,contest,,A2,30,Academic,Very Common,,
752,complain,"Express complaints, discontent, displeasure, or unhappiness.",Verb,My mother complains all day.,kick,plain,C1,75,Communication,Less Common,"complaint, complainer",
753,complaining,Expressing pain or dissatisfaction of resentment.,Adjective,A complaining boss.,complaintive,,C2,92,General,Rare,,
754,completed,Successfully completed or brought to an end.,Adjective,The completed project.,accomplished,realized,A2,23,General,Very Common,,
755,completely,To a complete degree or to the full or entire extent (`whole' is often used informally for `wholly').,Adverb,It was completely different from what we expected.,wholly,entirely,A1,12,General,Very Common,,
756,complex,A conceptual whole made up of complicated and related parts.,Noun,"The complex of shopping malls, houses, and roads created a new town.",composite,,A2,32,Academic,Very Common,,
757,compliance,Acting according to certain accepted standards.,Noun,Their financial statements are in conformity with generally accepted accounting practices.,conformity,conformation,C1,82,General,Less Common,comply,
758,complicated,Difficult to analyze or understand.,Adjective,A complicated problem.,complex,,B1,43,General,Common,complicatedness,
759,component,An abstract part of something.,Noun,Jealousy was a component of his character.,constituent,element,B2,61,Academic,Common,compose,
760,composed,Serenely self-possessed and free from agitation especially in times of stress.,Adjective,The performer seemed completely composed as she stepped onto the stage.,calm,unagitated,B2,65,General,Common,,
761,composition,The spatial property resulting from the arrangement of parts in relation to each other and to the whole.,Noun,Harmonious composition is essential in a serious work of art.,composing,,B2,60,Personal Development,Common,,
762,compound,Combine so as to form a whole; mix.,Verb,Compound the ingredients.,combine,,C1,80,General,Less Common,compounding,
763,compromise,An accommodation in which both sides make concessions.,Noun,The newly elected congressmen rejected a compromise because they considered it `business as usual'.,accommodation,,C1,72,Communication,Less Common,,
764,concentrate,A concentrated example of something.,Noun,The concentrate of contemporary despair.,prototype,paradigm,C2,98,Academic,Rare,,
765,concern,Something that interests you because it is important or affects you.,Noun,The safety of the ship is the captain's concern.,care,fear,A2,28,Academic,Very Common,,
766,concerned,Feeling or showing worry or solicitude.,Adjective,Concerned parents of youthful offenders.,interested,,A2,24,General,Very Common,,
767,concert,Settle by agreement.,Verb,Concert one's differences.,settle,determine,B1,38,Communication,Common,,
768,concluded,Having come or been brought to a conclusion.,Adjective,The harvesting was complete.,complete,ended,B2,59,General,Common,,
769,concrete,Cover with cement.,Verb,Concrete the walls.,cover,,B1,45,General,Common,,
770,condition,A state at a particular time.,Noun,A condition (or state) of disrepair.,status,,A2,32,Personal Development,Very Common,,
771,conditions,The prevailing context that influences the performance or the outcome of a process.,Noun,There were wide variations in the conditions of observation.,weather,,A1,13,Personal Development,Very Common,,
772,conduct,Direct the course of; manage or control.,Verb,You cannot conduct business like this.,carry on,deal,B1,39,Society & Culture,Common,conducting,
773,conducting,The direction of an orchestra or choir.,Noun,He does not use a baton for conducting.,management,direction,C2,98,General,Rare,conduct,
774,confident,Having or marked by confidence or assurance.,Adjective,A confident speaker.,convinced,positive,B2,66,General,Common,confidence,
775,confirm,Establish or strengthen as with new evidence or facts.,Verb,His story confirmed my doubts.,corroborate,sustain,B2,55,Academic,Common,"confirmative, confirmatory, confirmation",
776,confirmation,Additional proof that something that was believed (some fact or hypothesis or theory) is correct.,Noun,Fossils provided further confirmation of the evolutionary theory.,verification,check,C2,96,Academic,Rare,confirm,
777,confirmed,Of persons; not subject to change.,Adjective,A confirmed bachelor.,unchangeable,,A2,28,General,Very Common,,
778,confused,Perplexed by many conflicting situations or statements; filled with bewilderment.,Adjective,Bewildered and confused.,baffled,befuddled,B1,43,General,Common,confusedness,
779,confusion,Disorder resulting from a failure to behave predictably.,Noun,The army retreated in confusion.,confusedness,muddiness,C1,79,Personal Development,Less Common,,
780,congratulations,An expression of approval and commendation.,Noun,He always appreciated praise for his work.,praise,kudos,B2,55,Communication,Common,,
781,congressional,Of or relating to congress.,Adjective,Congressional hearing.,legislative,,C1,79,Academic,Less Common,,
782,connect,"Connect, fasten, or put together two or more pieces.",Verb,Can you connect the two loudspeakers?,link,tie,B2,57,General,Common,"connective, connector, connecter",
783,connected,Wired together to an alarm system.,Adjective,All the window alarms are connected.,affiliated,attached,A2,27,General,Very Common,connectedness,
784,conscious,Intentionally conceived.,Adjective,A conscious effort to speak more slowly.,witting,,C1,80,General,Less Common,consciousness,
785,consecutive,In a consecutive manner.,Adverb,We numbered the papers consecutively.,sequentially,,C1,81,General,Less Common,,
786,consensus,Agreement in the judgment or opinion reached by a group as a whole.,Noun,The lack of consensus reflected differences in theoretical positions.,agreement,accord,C2,94,Personal Development,Rare,consensual,
787,consent,Permission to do something.,Noun,He indicated his consent.,permission,,B2,58,Communication,Common,consentaneous,
788,conservative,Avoiding excess.,Adjective,A conservative estimate.,cautious,,B1,46,General,Common,,
789,consider,Deem to be.,Verb,I consider her to be shallow.,see,reckon,A1,13,Academic,Very Common,,
790,considerable,Large or relatively large in number or amount or extent or degree.,Adjective,A considerable quantity.,goodly,goodish,B2,56,General,Common,,
791,consideration,Information that should be kept in mind when making a decision.,Noun,Another consideration is the time it would take.,circumstance,condition,B2,65,Academic,Common,consider,
792,considered,Carefully weighed.,Adjective,A considered opinion.,advised,,A1,10,General,Very Common,,
793,consistently,In a systematic or consistent manner.,Adverb,They systematically excluded women.,systematically,,C1,73,General,Less Common,,
794,console,An ornamental scroll-shaped bracket (especially one used to support a wall fixture).,Noun,The bust of Napoleon stood on a console.,cabinet,,C2,96,General,Rare,,
795,constant,A number representing a quantity assumed to have a fixed value in a specified mathematical context.,Noun,The velocity of light is a constant.,invariable,,B1,38,Academic,Common,,
796,constantly,"Without variation or change, in every case.",Adverb,Constantly kind and gracious.,invariably,always,B1,39,General,Common,,
797,constitution,The act of forming or establishing something.,Noun,The constitution of a PTA group last year.,establishment,formation,B1,37,General,Common,constitute,
798,constitutional,Of benefit to or intended to benefit your physical makeup.,Adjective,Constitutional walk.,constituent,constitutive,B2,60,Academic,Common,,
799,consultant,An expert who gives advice.,Noun,An adviser helped students select their courses.,adviser,advisor,C2,91,Society & Culture,Rare,"consultancy, consult",
800,consumption,(economics) the utilization of economic goods to satisfy needs or in manufacturing.,Noun,The consumption of energy has increased steadily.,economic consumption,usance,B2,59,Science & Technology,Common,,
801,contact,Close interaction.,Noun,They kept in daily contact.,touch,,A1,13,General,Very Common,,
802,contain,Include or contain; have as a component.,Verb,The record contains many old songs from the 1930's.,incorporate,comprise,B1,41,General,Common,,
803,contained,Gotten under control.,Adjective,The oil spill is contained.,controlled,,B1,45,General,Common,,
804,content,Everything that is included in a collection and that is held or included in something.,Noun,He emptied the contents of his pockets.,message,substance,A1,12,Society & Culture,Very Common,,
805,contest,"To make the subject of dispute, contention, or litigation.",Verb,They contested the outcome of the race.,contend,repugn,B1,39,Communication,Common,"contestable, contestation, contestee, contester",
806,context,The set of facts or circumstances that surround a situation or event.,Noun,The historical context.,circumstance,setting,B1,45,Personal Development,Common,contextual,
807,continent,One of the large landmasses of the earth.,Noun,There are seven continents.,landmass,,C2,98,General,Rare,continental,
808,continue,"Continue a certain state, condition, or activity.",Verb,We continued to work into the night.,go on,proceed,A1,10,General,Very Common,"continuation, continuance",
809,continued,Without stop or interruption.,Adjective,To insure the continued success of the war.,continuing,,A1,14,General,Very Common,,
810,continuing,Remaining in force or being carried on without letup.,Adjective,The act provided a continuing annual appropriation.,chronic,,B1,42,General,Common,,
811,continuous,Continuing in time or space without interruption.,Adjective,A continuous rearrangement of electrons in the solar atoms results in the emission of light.,uninterrupted,,C1,77,General,Less Common,"continuum, continuousness, continuity",
812,contract,Squeeze or press together.,Verb,The spasm contracted the muscle.,compress,constrict,A2,29,General,Very Common,"contraction, contracture, contractor",
813,contrary,Exact opposition.,Noun,Public opinion to the contrary he is not guilty.,reverse,opposite,C1,82,Academic,Less Common,,
814,contrast,"The opposition or dissimilarity of things that are compared; ,.",Noun,In contrast to.,direct contrast,,B1,44,Academic,Common,,
815,contribute,Bestow a quality on.,Verb,Her presence lends a certain cachet to the company.,lend,impart,B2,60,Business,Common,,
816,contributing,Tending to bring about; being partly responsible for.,Adjective,The seaport was a contributing factor in the growth of the city.,conducive,contributive,C2,96,General,Rare,,
817,control,Power to direct or determine.,Noun,Under control.,dominance,ascendance,A1,6,Personal Development,Very Common,,
818,controlled,Restrained or managed or kept within certain bounds.,Adjective,Controlled emotions.,harnessed,,B1,35,General,Common,,
819,controller,A mechanism that controls the operation of a machine.,Noun,The speed controller on his turntable was not working properly.,control,,C2,91,General,Rare,,
820,controlling,Able to control or determine policy.,Adjective,A controlling interest in the firm.,dominant,,C1,82,General,Less Common,,
821,controversial,Marked by or capable of arousing controversy.,Adjective,The issue of the death penalty is highly controversial.,disputed,,C1,75,General,Less Common,controversy,
822,controversy,A contentious speech act; a dispute where there is strong disagreement.,Noun,They were involved in a violent argument.,contention,contestation,B2,67,Communication,Common,controversial,
823,convention,A large formal assembly.,Noun,Political convention.,normal,pattern,B1,41,Society & Culture,Common,conventioneer,
824,conventional,Following accepted customs and proprieties.,Adjective,Conventional wisdom.,established,,B2,56,General,Common,conventionality,
825,conversion,A change in the units or form of an expression:.,Noun,Conversion from Fahrenheit to Centigrade.,transition,changeover,C1,73,Academic,Less Common,,
826,convert,Change from one system to another or to a new plan or policy.,Verb,We converted from 220 to 110 Volt.,change over,,C2,93,Science & Technology,Rare,"conversion, converter",
827,converted,Spiritually reborn or converted.,Adjective,A born-again Christian.,born-again,reborn,C1,77,General,Less Common,,
828,conviction,(criminal law) a final judgment of guilty in a criminal case and the punishment that is imposed.,Noun,The conviction came as no surprise.,judgment of conviction,condemnation,C1,73,General,Less Common,convict,
829,convince,"Make (someone) agree, understand, or realize the truth or validity of something.",Verb,He had finally convinced several customers of the advantages of his product.,convert,win over,B2,67,Communication,Common,convincible,
830,convinced,Persuaded of; very sure.,Adjective,Were convinced that it would be to their advantage to join.,positive,confident,B2,56,General,Common,,
831,cooking,The act of preparing something (as food) by the application of heat.,Noun,Cooking can be a great art.,cookery,preparation,B1,45,General,Common,cook,
832,cooling,A mechanism for keeping something cool.,Noun,The cooling was overhead fans.,cooling system,,C2,99,General,Rare,cool,
833,copyright,Secure a copyright on a written work.,Verb,Did you copyright your manuscript?,procure,secure,C1,73,Business,Less Common,,
834,correct,Make right or correct.,Verb,Correct the mistakes.,rectify,right,A2,22,Science & Technology,Very Common,correction,
835,correctly,In an accurate manner.,Adverb,The flower had been correctly depicted by his son.,right,aright,C1,77,General,Less Common,,
836,corresponding,Accompanying.,Adjective,All rights carry with them corresponding responsibilities.,comparable,like,C2,91,General,Rare,,
837,corrupt,Corrupt morally or by intemperance or sensuality.,Verb,Socrates was accused of corrupting young men.,pervert,subvert,C1,73,Society & Culture,Less Common,"corruptible, corruptive, corruption",
838,corruption,Moral perversion; impairment of virtue and moral principles.,Noun,The luxury and corruption among the upper classes.,degeneracy,depravation,B2,59,Personal Development,Common,,
839,costume,The attire worn in a play or at a fancy dress ball.,Noun,He won the prize for best costume.,attire,garb,C1,81,General,Less Common,,
840,council,A body serving in an administrative capacity.,Noun,Student council.,assembly,,A1,10,Society & Culture,Very Common,,
841,counsel,Give advice to.,Verb,The teacher counsels troubled students.,rede,advise,C1,83,Communication,Less Common,"counselor, counsellor, counselling, counseling",
842,counter,A piece of leather forming the back of a shoe or boot.,Noun,A counter may be used to stiffen the material around the heel and to give support to the foot.,heel counter,,B1,37,General,Common,,
843,counting,The act of counting; reciting numbers in ascending order.,Noun,The counting continued for several hours.,count,numeration,B2,66,General,Common,count,
844,country,A politically organized body of people under a single government.,Noun,The country's largest manufacturer.,state,nation,A1,6,Society & Culture,Very Common,,
845,coverage,The extent to which something is covered.,Noun,The dictionary's coverage of standard English is excellent.,reporting,reportage,B1,45,Personal Development,Common,cover,
846,covered,Overlaid or spread or topped with or enclosed within something; sometimes used as a combining form.,Adjective,Women with covered faces.,dusty,,A2,21,General,Very Common,,
847,covering,A natural object that covers or envelops.,Noun,Under a covering of dust.,natural covering,cover,B1,45,General,Common,cover,
848,creation,The event that occurred at the beginning of something.,Noun,From its creation the plan was doomed to failure.,conception,,B1,37,Society & Culture,Common,create,
849,critical,Marked by a tendency to find and call attention to errors and flaws.,Adjective,A critical attitude.,vital,,A2,21,General,Very Common,"critic, criticism",
850,criticism,Disapproval expressed by pointing out faults or shortcomings.,Noun,The senator received severe criticism from his opponent.,unfavorable judgment,,B1,42,Communication,Common,"critical, criticise",
851,crossed,Placed crosswise.,Adjective,Spoken with a straight face but crossed fingers.,decussate,intersectant,B2,59,General,Common,,
852,crucial,Of extreme importance; vital to the resolution of a crisis.,Adjective,A crucial moment in his career.,important,,B2,65,General,Common,cruciality,
853,culture,(biology) the growing of microorganisms in a nutrient medium (such as gelatin or agar).,Noun,The culture of cells in a Petri dish.,civilization,civilisation,A1,11,General,Very Common,,
854,current,A flow of electricity through a conductor.,Noun,The current was measured in amperes.,electric current,,A1,7,Science & Technology,Very Common,,
855,currently,At this time or period; now.,Adverb,Currently they live in Connecticut.,presently,,A1,10,General,Very Common,,
856,curriculum,An integrated course of academic studies.,Noun,He was admitted to a new program at the university.,course of study,program,C2,92,Communication,Rare,curricular,
857,custody,A state of being confined (usually for a short time).,Noun,He is in the custody of police.,detention,detainment,C1,76,Personal Development,Less Common,,
858,cutting,The act of cutting something into parts.,Noun,His cutting of the cake made a terrible mess.,cut,,B1,46,General,Common,cut,
859,damaged,Harmed or injured or spoiled.,Adjective,I won't buy damaged goods.,discredited,,B2,56,General,Common,,
860,darkness,An unilluminated area.,Noun,He moved off into the darkness.,dark,shadow,B2,63,Travel & Places,Common,dark,
861,daughter,A female human offspring.,Noun,Her daughter cared for her in her old age.,girl,,A1,10,Society & Culture,Very Common,daughterly,
862,dealing,Method or manner of conduct in relation to others.,Noun,Honest dealing.,transaction,dealings,B1,47,General,Common,deal,
863,decided,Recognizable; marked.,Adjective,At a distinct (or decided) disadvantage.,distinct,,A1,10,General,Very Common,,
864,deciding,Having the power or quality of deciding.,Adjective,Cast the deciding vote.,determinant,determinative,C2,93,General,Rare,,
865,declaration,(law) unsworn statement that can be admitted in evidence in a legal transaction.,Noun,His declaration of innocence.,announcement,proclamation,C2,94,Communication,Rare,,
866,declared,Made known or openly avowed.,Adjective,Their declared and their covert objectives.,stated,,B1,38,General,Common,,
867,decrease,A change downward.,Noun,There was a decrease in his temperature as the fever subsided.,lessening,drop-off,C1,82,Society & Culture,Less Common,,
868,dedicated,Devoted to a cause or ideal or purpose.,Adjective,A dedicated dancer.,consecrated,consecrate,B1,36,General,Common,,
869,default,Loss due to not showing up.,Noun,He lost the game by default.,nonpayment,nonremittal,B2,64,General,Common,,
870,defeated,People who are defeated.,Noun,The Romans had no pity for the defeated.,discomfited,,C1,82,Society & Culture,Less Common,,
871,defence,(sports) the team that is trying to prevent the other team from scoring.,Noun,His teams are always good on defense.,defense,defending team,B1,40,Society & Culture,Common,defend,
872,defense,(military) military action or resources protecting a country against potential enemies.,Noun,They died in the defense of Stalingrad.,defence,defensive measure,A2,30,General,Very Common,,
873,defensive,Intended or appropriate for defending against or deterring aggression or attack.,Adjective,Defensive weapons.,justificative,justificatory,B2,57,General,Common,defend,
874,deficit,The property of being an amount by which something is less than expected or required.,Noun,New blood vessels bud out from the already dilated vascular bed to make up the nutritional deficit.,shortage,shortfall,C2,99,Personal Development,Rare,,
875,defined,Clearly characterized or delimited.,Adjective,Lost in a maze of words both defined and undefined.,outlined,,B1,37,General,Common,,
876,definitely,Without question and beyond doubt.,Adverb,It was decidedly too expensive.,decidedly,unquestionably,A1,14,General,Very Common,,
877,definition,Clarity of outline.,Noun,Exercise had given his muscles superior definition.,distinctness,sharpness,B1,36,Personal Development,Common,define,
878,delicious,Greatly pleasing or entertaining.,Adjective,A delicious joke.,delightful,,B2,60,General,Common,,
879,deliver,"Bring to a destination, make a delivery.",Verb,Our local super market delivers.,present,,B1,38,General,Common,"deliverer, delivery",
880,delivery,The act of delivering or distributing something (as goods or mail).,Noun,His reluctant delivery of bad news.,bringing,,B1,35,General,Common,deliver,
881,demanding,Requiring more than usually expected or thought due; especially great patience and effort and skill.,Adjective,Found the job very demanding.,stern,strict,C2,91,General,Rare,,
882,demonstration,A show or display; the act of presenting something to sight or view.,Noun,He gave the customer a demonstration.,presentation,presentment,C2,99,General,Rare,demonstrate,
883,department,A specialized division of a large organization.,Noun,You'll find it in the hardware department.,section,,A1,8,Society & Culture,Very Common,departmental,
884,dependent,"Relying on or requiring a person or thing for support, supply, or what is needed.",Adjective,Dependent children.,dependant,qualified,B2,65,General,Common,"dependency, dependence",
885,deposit,Money given as security for an article acquired for temporary use.,Noun,His deposit was refunded when he returned the car.,sedimentation,alluviation,C1,74,Business,Less Common,,
886,depressed,Lower than previously.,Adjective,The market is depressed.,down,,C1,73,General,Less Common,,
887,depression,Pushing down.,Noun,Depression of the space bar on the typewriter.,slump,,B1,37,General,Common,depress,
888,derived,Formed or developed from something else; not original.,Adjective,The belief that classes and organizations are secondary and derived.,plagiaristic,plagiarized,B2,64,General,Common,,
889,describe,To give an account or representation of in words.,Verb,Discreet Italian police described it in a manner typically continental.,report,account,B1,37,Communication,Common,"descriptive, description",
890,described,Represented in words especially with sharpness and detail.,Adjective,The vividly described wars.,delineated,represented,A1,12,General,Very Common,,
891,deserve,Be worthy or deserving.,Verb,You deserve a promotion after all the hard work you have done.,merit,,B1,35,General,Common,,
892,deserved,Properly deserved.,Adjective,A merited success.,merited,,C1,73,General,Less Common,,
893,designed,Done or made or performed with purpose and intent.,Adjective,Style...is more than the deliberate and designed creation.,intentional,,A1,14,General,Very Common,,
894,designer,A person who devises plots or intrigues.,Noun,He is believed to be the principal designer of the terrorist bombing attack.,intriguer,,B2,66,Society & Culture,Common,,
895,desired,Wanted intensely.,Adjective,It produced the desired effect.,craved,,C1,83,General,Less Common,,
896,desperate,A person who is frightened and in need of help.,Noun,They prey on the hopes of the desperate.,unfortunate,,B2,61,Society & Culture,Common,despair,
897,despite,Lack of respect accompanied by a feeling of intense dislike.,Noun,The despite in which outsiders were held is legendary.,contempt,disdain,A1,12,Emotion,Very Common,,
898,destiny,The ultimate agency regarded as predetermining the course of events (often personified as a woman).,Noun,We are helpless in the face of destiny.,fate,,C1,79,Society & Culture,Less Common,,
899,destroy,"Do away with, cause the destruction or undoing of.",Verb,The fire destroyed the house.,destruct,,B1,39,Arts & Creativity,Common,"destructible, destructive, destruction, destroyer",
900,destroyed,Spoiled or ruined or demolished.,Adjective,War left many cities destroyed.,ruined,,B1,46,General,Common,,
901,destruction,A final state.,Noun,He came to a bad end.,end,death,B2,58,Personal Development,Common,,
902,detailed,Developed or executed with care and in minute detail.,Adjective,A detailed plan.,elaborate,elaborated,B1,40,General,Common,,
903,details,True confidential information.,Noun,After the trial he gave us the real details.,inside information,,A2,30,Communication,Very Common,,
904,detected,Perceived or discerned.,Adjective,The detected micrometeoritic material.,perceived,,C2,99,General,Rare,,
905,detection,The perception that something has occurred or some state exists.,Noun,Early detection can often lead to a cure.,sensing,,C2,99,Academic,Rare,,
906,determine,Shape or influence; give direction to.,Verb,Experience often determines ability.,shape,mold,B1,45,Academic,Common,determinant,
907,develop,"Make something new, such as a product or a mental or artistic creation.",Verb,Her company developed a new kind of building material that withstands all kinds of weather.,evolve,germinate,A2,24,Arts & Creativity,Very Common,development,
908,developed,Being changed over time so as to be e.g. stronger or more complete or more useful.,Adjective,The developed qualities of the Hellenic outlook.,mature,matured,A2,29,General,Very Common,,
909,developing,Processing a photosensitive material in order to make an image visible.,Noun,The development and printing of his pictures took only two hours.,development,,A2,28,Science & Technology,Very Common,develop,
910,devices,An inclination or desire; used in the plural in the phrase `left to your own devices'.,Noun,Eventually the family left the house to the devices of this malevolent force.,device,,B1,35,Academic,Common,,
911,devoted,Zealous in devotion or affection.,Adjective,A devoted husband and father.,dedicated,,C1,81,General,Less Common,devotedness,
912,diamond,A playing card in the minor suit that has one or more red rhombuses on it.,Noun,He led a small diamond.,adamant,,B2,66,General,Common,,
913,differently,In another and different manner.,Adverb,Very soon you will know differently.,otherwise,other than,C1,75,General,Less Common,,
914,difficult,Not easy; requiring great physical or mental effort to accomplish or comprehend or endure.,Adjective,A difficult task.,hard,,A1,10,General,Very Common,difficultness,
915,difficulty,An effort that is inconvenient.,Noun,Had difficulty walking.,trouble,,B2,60,General,Common,,
916,diplomatic,Relating to or characteristic of diplomacy.,Adjective,Diplomatic immunity.,diplomatical,,C2,93,Academic,Rare,diplomacy,
917,directed,(often used in combination) having a specified direction.,Adjective,A positively directed vector.,oriented,orientated,B1,47,General,Common,,
918,direction,A line leading to a place or point.,Noun,He looked the other direction.,way,,A2,30,Travel & Places,Very Common,,
919,directly,Without deviation.,Adverb,The path leads directly to the lake.,straight,direct,A2,31,General,Very Common,,
920,disability,The condition of being unable to perform as a consequence of physical or mental unfitness.,Noun,Reading disability.,disablement,handicap,C1,77,Personal Development,Less Common,disabled,
921,disabled,People collectively who are crippled or otherwise physically handicapped.,Noun,Technology to help the elderly and the disabled.,handicapped,,B2,64,Society & Culture,Common,,
922,disagree,Be of different opinions.,Verb,She disagrees with her husband on many questions.,differ,dissent,C2,95,Communication,Rare,disagreement,
923,disappear,"Get lost, as without warning or explanation.",Verb,He disappeared without a trace.,vanish,go away,C2,95,Science & Technology,Rare,"disappearance, disappearing",
924,disappointed,Disappointingly unsuccessful.,Adjective,Disappointed expectations and thwarted ambitions.,defeated,discomfited,B2,66,General,Common,,
925,disaster,A state of extreme (usually irremediable) ruin and misfortune.,Noun,His policies were a disaster.,catastrophe,,B2,56,Personal Development,Common,,
926,discount,Give a reduction in price on.,Verb,I never discount these books-they sell like hot cakes.,dismiss,disregard,B2,59,Business,Common,discounter,
927,discover,"Make a discovery, make a new finding.",Verb,Roentgen discovered X-rays.,find,,B2,56,Arts & Creativity,Common,"discoverer, discovery",
928,discovered,Discovered or determined by scientific observation.,Adjective,The discovered behavior norms.,ascertained,observed,A2,24,General,Very Common,,
929,discuss,To consider or examine in speech or writing.,Verb,The class discussed Dante's `Inferno'.,discourse,talk about,A2,28,Communication,Very Common,discussion,
930,disgusting,Highly offensive; arousing aversion or disgust.,Adjective,A disgusting smell.,disgustful,distasteful,C1,75,General,Less Common,disgustingness,
931,disorder,A physical condition in which there is a disturbance of normal functioning.,Noun,The doctor prescribed some medicine for the disorder.,upset,,B2,62,Personal Development,Common,,
932,display,Something intended to communicate a particular impression.,Noun,Made a display of strength.,show,,B1,45,Communication,Common,,
933,dispute,A disagreement or argument about something important.,Noun,He had a dispute with his wife.,difference,difference of opinion,B2,66,Communication,Common,disputatious,
934,distance,A distant region.,Noun,I could see it in the distance.,length,,A2,20,Travel & Places,Very Common,,
935,distant,Separated in space or coming from or going to a distance.,Adjective,Distant villages.,remote,,C1,79,General,Less Common,distance,
936,distinct,(often followed by `from') not alike; different in nature or quality.,Adjective,Plants of several distinct types.,distinguishable,,B2,64,General,Common,distinctness,
937,distinction,A discrimination between things as different and distinct.,Noun,It is necessary to make a distinction between love and infatuation.,differentiation,,C2,94,Academic,Rare,distinguish,
938,distinguished,(used of persons) standing above others in character or attainment or reputation.,Adjective,Our distinguished professor.,grand,imposing,C1,78,General,Less Common,,
939,distribution,"The spatial or geographic property of being scattered about over a range, area, or volume.",Noun,Worldwide in distribution.,dispersion,,B1,44,Personal Development,Common,,
940,diverse,Many and different.,Adjective,A person of diverse talents.,divers,,C1,74,General,Less Common,"diverseness, diversity",
941,divided,Separated into parts or pieces.,Adjective,Opinions are divided.,shared,,B1,43,General,Common,,
942,division,An army unit large enough to sustain combat.,Noun,Two infantry divisions were held in reserve.,part,section,A2,32,Society & Culture,Very Common,divisional,
943,divorce,Get a divorce; formally terminate a marriage.,Verb,The couple divorced after only 6 months.,split up,,B2,58,Society & Culture,Common,"divorcement, divorcee",
944,document,Record in detail.,Verb,The parents documented every step of their child's development.,record,enter,B1,41,Communication,Common,"documentary, documentation",
945,documentary,"Emphasizing or expressing things as perceived without distortion of personal feelings, insertion of fictional matter, or interpretation.",Adjective,Objective art.,objective,,B2,62,General,Common,,
946,dominant,Exercising influence or control.,Adjective,Television plays a dominant role in molding public opinion.,prevailing,prevalent,C1,75,General,Less Common,"dominance, dominate",
947,downtown,The central area or commercial center of a town or city.,Noun,The heart of Birmingham's downtown.,business district,,B2,56,Travel & Places,Common,,
948,drawing,"An illustration that is drawn by hand and published in a book, magazine, or newspaper.",Noun,It is shown by the drawing in Fig. 7.,draftsmanship,drafting,B1,36,Communication,Common,draw,
949,dressed,Dressed or clothed especially in fine attire; often used in combination.,Adjective,Neatly dressed workers.,appareled,attired,B2,67,General,Common,,
950,drinking,The act of drinking alcoholic beverages to excess.,Noun,Drink was his downfall.,drink,boozing,A2,26,General,Very Common,drink,
951,driving,Having the power of driving or impelling.,Adjective,A driving personal ambition.,impulsive,,A2,31,General,Very Common,,
952,dropping,Coming down freely under the influence of gravity.,Adjective,The eerie whistle of dropping bombs.,falling,,B2,60,General,Common,,
953,duration,Continuance in time.,Noun,The ceremony was of short duration.,length,,C1,73,Personal Development,Less Common,,
954,dynamic,An efficient incentive.,Noun,They hoped it would act as a spiritual dynamic on all churches.,moral force,,B2,62,Personal Development,Common,,
955,earlier,(comparative and superlative of `early') more early than; most early.,Adjective,A fashion popular in earlier times.,earliest,,A1,13,General,Very Common,,
956,earliest,(comparative and superlative of `early') more early than; most early.,Adjective,Verdi's earliest and most raucous opera.,earlier,,C2,95,General,Rare,,
957,earnings,Something that remunerates.,Noun,They saved a quarter of all their earnings.,wage,pay,B2,66,Business,Common,earn,
958,earthquake,A disturbance that is extremely disruptive.,Noun,Selling the company caused an earthquake among the employees.,quake,temblor,C1,72,Personal Development,Less Common,,
959,eastern,Lying toward or situated in the east.,Adjective,The eastern end of the island.,easterly,,A2,23,General,Very Common,,
960,edition,All of the identical copies of something offered to the public at the same time.,Noun,The first edition appeared in 1920.,version,variant,A2,22,Society & Culture,Very Common,,
961,editorial,Of or relating to an article stating opinions or giving perspectives.,Adjective,Editorial column.,op-ed,,C2,93,Academic,Rare,,
962,educated,Characterized by full comprehension of the problem involved.,Adjective,An educated guess.,enlightened,,B2,64,General,Common,,
963,effectively,In an effective manner.,Adverb,These are real problems that can be dealt with most effectively by rational discussion.,efficaciously,,B1,42,General,Common,,
964,effects,Property of a personal character that is portable but not used in business.,Noun,She left some of her personal effects in the house.,personal effects,,A2,31,Business,Very Common,,
965,efficient,Being effective without wasting time or effort or expense.,Adjective,An efficient production manager.,effective,,B2,67,General,Common,efficiency,
966,elaborate,"Add details, as to an account or idea; clarify the meaning of and discourse in a learned way, usually in writing.",Verb,She elaborated on the main ideas in her dissertation.,lucubrate,expatiate,C2,99,Communication,Rare,elaboration,
967,elderly,Advanced in years; (`aged' is pronounced as two syllables).,Adjective,Elderly residents could remember the construction of the first skyscraper.,aged,older,C1,72,General,Less Common,,
968,elected,Subject to popular election.,Adjective,Elective official.,elective,,B1,45,General,Common,,
969,election,A vote to select the winner of a position or political office.,Noun,The results of the election will be announced tonight.,vote,,A1,10,General,Very Common,"electoral, elect",
970,electoral,Of or relating to elections.,Adjective,Electoral process.,elective,elected,C2,92,Academic,Rare,election,
971,electric,Using or providing or producing or transmitting or operated by electricity.,Adjective,Electric current.,electrical,,A2,25,Academic,Very Common,electricity,
972,electrical,Relating to or concerned with electricity.,Adjective,An electrical engineer.,electric,,B2,67,Academic,Common,,
973,element,An abstract part of something.,Noun,The grammatical elements of a sentence.,component,constituent,B1,44,Academic,Common,,
974,elementary,Easy and not involved or complicated.,Adjective,An elementary problem in statistics.,simple,uncomplicated,B2,61,General,Common,,
975,elements,Violent or severe weather (viewed as caused by the action of the four elements).,Noun,They felt the full fury of the elements.,element,,A2,27,Science & Technology,Very Common,,
976,eligible,Qualified for or allowed or worthy of being chosen.,Adjective,Eligible to run for office.,legal,,B2,64,General,Common,"elect, eligibility",
977,eliminate,"Terminate, end, or take out.",Verb,Let's eliminate the course on Akkadian hieroglyphics.,extinguish,get rid of,C1,72,Science & Technology,Less Common,"elimination, eliminator",
978,elizabeth,Daughter of George VI who became the Queen of England and Northern Ireland in 1952 on the death of her father (1926-).,Noun,Elizabeth II is the head of state in Great Britain.,Elizabeth II,,B1,43,Society & Culture,Common,,
979,elsewhere,In or to another place.,Adverb,He went elsewhere.,otherwhere,,B1,44,General,Common,,
980,embarrassing,Hard to deal with; especially causing pain or embarrassment.,Adjective,Awkward (or embarrassing or difficult) moments in the discussion.,awkward,sticky,C1,72,General,Less Common,,
981,embrace,The state of taking in or encircling.,Noun,An island in the embrace of the sea.,embracing,embracement,C1,83,Personal Development,Less Common,,
982,emergency,A sudden unforeseen crisis (usually involving danger) that requires immediate action.,Noun,He never knew what to do in an emergency.,exigency,pinch,A2,25,Society & Culture,Very Common,emergent,
983,emerging,Coming to maturity.,Adjective,The rising generation.,rising,,C1,79,General,Less Common,,
984,emphasis,Special importance or significance.,Noun,The red light gave the central figure increased emphasis.,accent,,C1,79,Personal Development,Less Common,"emphatic, emphasize",
985,employed,Having your services engaged for; or having a job especially one that pays wages or a salary.,Adjective,Most of our graduates are employed.,engaged,,B2,67,General,Common,,
986,encounter,A casual or unexpected convergence.,Noun,There was a brief encounter in the hallway.,meeting,,B2,67,Society & Culture,Common,,
987,encouraged,Inspired with confidence.,Adjective,Felt bucked up by his success.,bucked up,,B2,62,General,Common,,
988,encouraging,Giving courage or confidence or hope.,Adjective,Encouraging advances in medical research.,supporting,,C1,73,General,Less Common,,
989,endless,Tiresomely long; seemingly without end.,Adjective,Endless debates.,eternal,interminable,C1,81,General,Less Common,endlessness,
990,engaged,Having ones attention or mind or energy engaged.,Adjective,Deeply engaged in conversation.,occupied,,B1,40,General,Common,,
991,engagement,A hostile meeting of opposing military forces in the course of a war.,Noun,He lost his romantic ideas about war when he got into a real engagement.,battle,conflict,B2,62,General,Common,engage,
992,engaging,Attracting or delighting.,Adjective,An engaging frankness.,piquant,,C2,91,General,Rare,,
993,engineer,Design as an engineer.,Verb,He engineered the water supply project.,mastermind,direct,B1,41,Academic,Common,engineering,
994,english,Of or relating to or characteristic of England or its culture or people.,Adjective,English history.,Anglian,,A1,8,Academic,Very Common,"anglicize, England",
995,enhanced,Increased or intensified in value or beauty or quality.,Adjective,Her enhanced beauty was the result of a good night's sleep rather than makeup.,increased,,C2,96,General,Rare,,
996,enormous,Extraordinarily large in size or extent or amount or power or degree.,Adjective,An enormous boulder.,tremendous,,B2,56,General,Common,"enormousness, enormity",
997,entering,The act of entering.,Noun,She made a grand entrance.,entrance,entry,B2,67,General,Common,enter,
998,entertaining,Agreeably diverting.,Adjective,An entertaining puppet show.,interesting,,C2,93,General,Rare,,
999,entirely,To a complete degree or to the full or entire extent (`whole' is often used informally for `wholly').,Adverb,Entirely satisfied with the meal.,wholly,completely,A2,25,General,Very Common,,
1000,entitled,Qualified for by right according to law.,Adjective,We are all entitled to equal protection under the law.,eligible,,B1,40,General,Common,,
1001,entrance,Something that provides access (to get in or get out).,Noun,They waited at the entrance to the garden.,entranceway,entryway,B2,56,General,Common,,
1002,environment,The totality of surrounding conditions.,Noun,He longed for the comfortable environment of his living room.,environs,surroundings,A2,32,Personal Development,Very Common,environmental,
1003,equally,To the same degree (often followed by `as').,Adverb,They were equally beautiful.,as,every bit,B2,56,General,Common,,
1004,equipped,Provided or fitted out with what is necessary or useful or appropriate.,Adjective,A well equipped playground.,equipt,,B2,65,General,Common,,
1005,equivalent,A person or thing equal to another in value or measure or force or effect or significance etc.,Noun,Send two dollars or the equivalent in stamps.,eq,,B1,41,Academic,Common,,
1006,escaped,"Having escaped, especially from confinement.",Adjective,Searching for two escaped prisoners.,at large,loose,C1,81,General,Less Common,,
1007,essentially,In essence; at bottom or by one's (or its) very nature.,Adverb,The argument was essentially a technical one.,basically,fundamentally,B2,67,General,Common,,
1008,established,Brought about or set up or accepted; especially long established.,Adjective,The established social order.,constituted,,A2,31,General,Very Common,,
1009,establishment,The act of forming or establishing something.,Noun,It was the establishment of his reputation.,constitution,formation,B2,67,General,Common,establish,
1010,estimate,An approximate calculation of quantity or degree or worth.,Noun,An estimate of what it would cost.,estimation,approximation,B2,64,Academic,Common,,
1011,eternal,Continuing forever or indefinitely.,Adjective,Eternal truths.,ageless,aeonian,C2,93,General,Rare,eternity,
1012,european,Of or relating to or characteristic of Europe or the people of Europe.,Adjective,European Community.,Continental,,A1,10,Academic,Very Common,Europe,
1013,evening,The latter part of the day (the period of decreasing daylight from late afternoon until nightfall).,Noun,He enjoyed the evening light across the lake.,eve,even,A2,20,General,Very Common,,
1014,everyday,Found in the ordinary course of events.,Adjective,A placid everyday scene.,mundane,quotidian,B1,43,General,Common,everydayness,
1015,everywhere,To or in any or all places; ; ; ; ; (`everyplace' is used informally for `everywhere').,Adverb,You find fast food stores everywhere.,everyplace,all over,A2,28,General,Very Common,,
1016,exactly,Indicating exactness or preciseness.,Adverb,He was doing precisely (or exactly) what she had told him to do.,precisely,just,A1,9,General,Very Common,,
1017,examination,A set of questions or exercises evaluating skill or knowledge.,Noun,When the test was stolen the professor had to make a new set of questions.,exam,test,B2,67,Communication,Common,examine,
1018,examine,"Observe, check out, and look over carefully or inspect.",Verb,The customs agent examined the baggage.,see,,C1,81,General,Less Common,"examination, examiner",
1019,example,An item of information that is typical of a class or group.,Noun,This patient provides a typical example of the syndrome.,illustration,instance,A1,7,Academic,Very Common,"exemplary, exemplify",
1020,excellence,An outstanding feature; something in which something or someone excels.,Noun,A center of manufacturing excellence.,excellency,,C2,98,Academic,Rare,,
1021,exception,A deliberate act of omission.,Noun,"With the exception of the children, everyone was told the news.",exclusion,elision,B2,59,Academic,Common,except,
1022,excessive,Beyond normal limits.,Adjective,Excessive charges.,inordinate,undue,C2,92,General,Rare,"exceed, excessiveness",
1023,exchange,A mutual expression of views (especially an unpleasant one).,Noun,They had a bitter exchange.,interchange,,A2,21,Communication,Very Common,,
1024,excited,(of persons) excessively affected by emotion.,Adjective,He would become emotional over nothing at all.,aroused,emotional,A2,24,General,Very Common,,
1025,excitement,The feeling of lively and cheerful joy.,Noun,He could hardly conceal his excitement when she agreed.,exhilaration,,C1,79,Emotion,Less Common,excite,
1026,exciting,Creating or arousing excitement.,Adjective,An exciting account of her trip.,electrifying,thrilling,B1,38,General,Common,,
1027,exclusive,Not divided or shared with others.,Adjective,They have exclusive use of the machine.,sole,,B1,37,General,Common,exclude,
1028,exclusively,Without any others being included or involved.,Adverb,He works for Mr. Smith exclusively.,entirely,solely,C1,74,General,Less Common,,
1029,executed,Put to death as punishment.,Adjective,Claimed the body of the executed traitor.,dead,,B2,66,General,Common,,
1030,execution,The act of performing; of doing something successfully; using knowledge as distinguished from merely possessing it.,Noun,They criticised his performance as mayor.,performance,carrying out,B2,64,General,Common,execute,
1031,exhausted,Drained of energy or effectiveness; extremely tired; completely exhausted.,Adjective,The day's shopping left her exhausted.,dog-tired,fagged,C2,96,General,Rare,,
1032,exhibit,Something shown to the public.,Noun,The museum had many exhibits of oriental art.,display,showing,C1,83,General,Less Common,,
1033,exhibition,The act of exhibiting.,Noun,A remarkable exhibition of musicianship.,exposition,expo,B2,58,General,Common,exhibit,
1034,existence,The state or fact of existing.,Noun,Laws in existence for centuries.,being,beingness,B1,38,Personal Development,Common,"existential, existent, exist",
1035,existing,Presently existing.,Adjective,The existing system.,existent,,A2,24,General,Very Common,,
1036,expected,Considered likely or probable to happen or arrive.,Adjective,Prepared for the expected attack.,expectable,,A2,29,General,Very Common,expectedness,
1037,expense,A detriment or sacrifice.,Noun,At the expense of.,disbursal,disbursement,C1,75,Society & Culture,Less Common,,
1038,expensive,High in price or charging high prices.,Adjective,Expensive clothes.,costly,dear,A2,27,General,Very Common,"expensiveness, expend",
1039,experimental,Relating to or based on experiment.,Adjective,Experimental physics.,observational,,B2,65,Academic,Common,,
1040,explain,Make plain and comprehensible.,Verb,He explained the laws of physics to his students.,explicate,,A2,31,Communication,Very Common,"explanatory, explanation",
1041,explore,Travel to or penetrate into.,Verb,Explore unknown territory in biology.,research,search,B2,63,Academic,Common,"explorative, exploratory, exploration, explorer",
1042,explosion,The act of exploding or bursting.,Noun,The explosion of the firecrackers awoke the children.,burst,,C1,76,General,Less Common,explode,
1043,exposed,With no protection or shield.,Adjective,The exposed northeast frontier.,open,,B1,40,General,Common,,
1044,exposure,Vulnerability to the elements; to the action of heat or cold or wind or rain;  or.,Noun,Exposure to the weather.,vulnerability,,B1,45,Personal Development,Common,expose,
1045,express,Public transport consisting of a fast train or bus that makes only a few scheduled stops.,Noun,He caught the express to New York.,limited,,A2,27,General,Very Common,,
1046,expressed,Communicated in words.,Adjective,Frequently uttered sentiments.,uttered,verbalized,B1,40,General,Common,,
1047,extended,Relatively long in duration; tediously protracted.,Adjective,An extended discussion.,drawn-out,lengthy,B1,44,General,Common,,
1048,extension,A mutually agreed delay in the date set for the completion of a job or payment of a debt.,Noun,They applied for an extension of the loan.,propagation,,B1,44,General,Common,,
1049,extreme,The furthest or highest degree of something.,Noun,He carried it to extremes.,extremum,,B1,47,Personal Development,Common,,
1050,extremely,To a high degree or extent; favorably or with much respect.,Adverb,Extremely interesting.,highly,,A2,23,General,Very Common,,
1051,fabulous,Extremely pleasing.,Adjective,A fabulous vacation.,fab,,C2,96,General,Rare,,
1052,facility,A building or place that provides a particular service or is used for a particular industry.,Noun,The assembly plant is an enormous facility.,installation,,B1,47,General,Common,,
1053,faculty,The body of teachers and administrators at a school.,Noun,The dean addressed the letter to the entire staff of the university.,staff,,B2,62,Society & Culture,Common,,
1054,failing,A flaw or weak point.,Noun,He was quick to point out his wife's failings.,weakness,,B2,63,Personal Development,Common,fail,
1055,failure,An act that fails.,Noun,His failure to pass the test.,loser,nonstarter,A2,25,General,Very Common,fail,
1056,faithful,Steadfast in affection or allegiance.,Adjective,Years of faithful service.,close,,C2,94,General,Rare,faithfulness,
1057,falling,Decreasing in amount or degree.,Adjective,Falling temperature.,dropping,,B1,43,General,Common,,
1058,fantastic,Ludicrously odd.,Adjective,Fantastic Halloween costumes.,antic,fantastical,A2,26,General,Very Common,,
1059,fantasy,Imagination unrestricted by reality.,Noun,A schoolgirl fantasy.,phantasy,,B1,40,Academic,Common,"fantastical, fantastic, fantasist, fantasize",
1060,farming,Agriculture considered as an occupation or way of life.,Noun,Farming is a strenuous life.,land,,C1,77,General,Less Common,farm,
1061,fascinating,Capable of arousing and holding the attention.,Adjective,A fascinating story.,absorbing,engrossing,C2,91,General,Rare,,
1062,fashion,How something is done or how it happens.,Noun,In an abrasive fashion.,manner,mode,A2,22,Personal Development,Very Common,,
1063,favorite,Something regarded with special favor or liking.,Noun,That book is one of my favorites.,favourite,,A1,13,Academic,Very Common,,
1064,favourite,Something regarded with special favor or liking.,Noun,That book is one of my favorites.,favorite,,B1,36,Academic,Common,,
1065,feature,A prominent attribute or aspect of something.,Noun,The map showed roads and other features.,characteristic,,A2,22,Academic,Very Common,,
1066,featured,Made a feature or highlight; given prominence.,Adjective,A featured actor.,conspicuous,,B1,45,General,Common,,
1067,federal,National; especially in reference to the government of the United States as distinct from that of its member units.,Adjective,The Federal Bureau of Investigation.,Union,,A1,9,General,Very Common,,
1068,feeling,The experiencing of affective and emotional states.,Noun,She had a feeling of euphoria.,impression,belief,A1,9,General,Very Common,feel,
1069,feelings,Emotional or moral sensitivity (especially in relation to personal principles or dignity).,Noun,The remark hurt his feelings.,feeling,,A2,26,Emotion,Very Common,feel,
1070,feminist,Of or relating to or advocating equal rights for women.,Adjective,Feminist critique.,egalitarian,,C2,92,Academic,Rare,,
1071,festival,An organized series of acts and performances (usually in one place).,Noun,A drama festival.,fete,,A2,25,General,Very Common,,
1072,fighting,The act of fighting; any contest or struggle.,Noun,There was fighting in the streets.,fight,combat,A2,30,General,Very Common,fight,
1073,figured,(of e.g. fabric design) adorned with patterns.,Adjective,My dress is richly figured.,patterned,,B2,56,General,Common,,
1074,filling,(dentistry) a dental appliance consisting of any of various substances (as metal or plastic) inserted into a prepared cavity in a tooth.,Noun,When he yawned I could see the gold fillings in his teeth.,fill,,C1,79,General,Less Common,fill,
1075,finally,As the end result of a succession or process.,Adverb,Ultimately he had to give in.,ultimately,in the end,A1,8,General,Very Common,,
1076,finance,Obtain or provide money for.,Verb,Can we finance the addition to our home?,pay,,B1,44,Business,Common,financing,
1077,finding,Something that is found.,Noun,The findings in the gastrointestinal tract indicate that he died several hours after dinner.,determination,,A2,21,General,Very Common,find,
1078,finished,(of materials or goods) brought to the desired final state.,Adjective,A finished product.,ruined,,A2,29,General,Very Common,,
1079,finishing,The act of finishing.,Noun,The speaker's finishing was greeted with applause.,finish,,B2,63,General,Common,finish,
1080,fitting,In harmony with the spirit of particular persons or occasion.,Adjective,We have come to dedicate a portion of that field...It is altogether fitting and proper that we should do this.,meet,,C2,95,General,Rare,fittingness,
1081,floating,Borne up by or suspended in a liquid.,Adjective,The ship is still floating.,aimless,drifting,C1,81,General,Less Common,,
1082,focused,(of light rays) converging on a point.,Adjective,Focused light rays can set something afire.,focussed,,B1,44,General,Common,,
1083,focusing,The concentration of attention or energy on something.,Noun,The focus of activity shifted to molecular biology.,focus,focussing,B2,56,Academic,Common,focus,
1084,following,About to be mentioned or specified.,Adjective,The following items.,undermentioned,,A1,6,General,Very Common,,
1085,footage,Film that has been shot.,Noun,"They had stock footage of lightning, tornados, and hurricanes.",film,,B2,63,General,Common,,
1086,forever,For a limitless time.,Adverb,No one can live forever.,everlastingly,eternally,A2,24,General,Very Common,,
1087,forgive,Stop blaming or grant forgiveness.,Verb,She cannot forgive him for forgetting her birthday.,concede,yield,B2,56,Communication,Common,forgiver,
1088,forgotten,Not noticed inadvertently.,Adjective,Her aching muscles forgotten she danced all night.,disregarded,,B2,56,General,Common,,
1089,formation,An arrangement of people or things acting as a unit.,Noun,A defensive formation.,shaping,,B1,42,Society & Culture,Common,form,
1090,formerly,At a previous time.,Adverb,At one time he loved her.,once,at one time,C1,74,General,Less Common,,
1091,formula,Something regarded as a normative example.,Noun,His formula for impressing visitors.,convention,normal,B1,45,Academic,Common,formularize,
1092,fortune,An unknown and unpredictable phenomenon that leads to a favorable outcome.,Noun,It was as if fortune guided his hand.,luck,,B2,63,Science & Technology,Common,,
1093,forward,Send or ship onward from an intermediate post or station in transit.,Verb,Forward my mail.,send on,,A1,9,Travel & Places,Very Common,forwarding,
1094,founder,Fail utterly; collapse.,Verb,The project foundered.,fall through,fall flat,B1,44,Society & Culture,Common,,
1095,framework,The underlying structure.,Noun,Providing a factual framework for future research.,fabric,,B2,64,Personal Development,Common,,
1096,frequency,The number of occurrences within a given time period.,Noun,The frequency of modulation was 40 cycles per second.,frequence,oftenness,B2,58,General,Common,,
1097,frequent,Coming at short intervals or habitually.,Adjective,A frequent guest.,prevailing,prevalent,B2,66,General,Common,"frequency, frequence",
1098,frequently,Many times at short intervals.,Adverb,We often met over a cup of coffee.,often,oftentimes,B1,37,General,Common,,
1099,frustrated,Disappointingly unsuccessful.,Adjective,Many frustrated poets end as pipe-smoking teachers.,defeated,disappointed,C2,97,General,Rare,,
1100,fucking,"Intensifier, very colloquial.",Adverb,What took you so fucking long?,extremely,,A1,7,General,Very Common,,
1101,function,What something is used for.,Noun,The function of an auger is to bore holes.,purpose,role,A2,23,Personal Development,Very Common,,
1102,functional,Designed for or capable of a particular function or use.,Adjective,A style of writing in which every word is functional.,usable,useable,C1,74,General,Less Common,functionality,
1103,fundamental,Any factor that could be considered important to the understanding of a particular business.,Noun,"Fundamentals include a company's growth, revenues, earnings, management, and capital structure.",factor,,B2,61,Society & Culture,Common,,
1104,funding,Financial resources provided to make some project possible.,Noun,The foundation provided support for the experiment.,support,financial support,B1,45,Business,Common,fund,
1105,funeral,A ceremony at which a dead person is buried or cremated.,Noun,Hundreds of people attended his funeral.,ceremony,ceremonial,B2,58,Society & Culture,Common,"funereal, funerary",
1106,further,More distant in especially degree.,Adjective,Nothing could be further from the truth.,farther,,A1,7,General,Very Common,,
1107,furthermore,In addition.,Adverb,"Computer chess games are getting cheaper all the time; furthermore, their quality is improving.",moreover,what is more,C1,75,General,Less Common,,
1108,gallery,A long usually narrow room used for some specific purpose.,Noun,Shooting gallery.,veranda,verandah,B1,42,General,Common,,
1109,gambling,The act of playing for stakes in the hope of winning (including the payment of a price for a chance to win a prize).,Noun,His gambling cost him a fortune.,gaming,play,C2,97,General,Rare,gamble,
1110,garbage,A receptacle where waste can be discarded.,Noun,She tossed the moldy bread into the garbage.,refuse,scraps,C1,81,General,Less Common,,
1111,gathered,Brought together in one place.,Adjective,The gathered folds of the skirt.,collected,,B2,66,General,Common,,
1112,gathering,The social act of assembling.,Noun,They demanded the right of assembly.,assembly,assemblage,B2,56,General,Common,gather,
1113,general,A fact about the whole (as opposed to particular).,Noun,He discussed the general but neglected the particular.,fact,,A1,6,Academic,Very Common,,
1114,generally,Usually; as a rule.,Adverb,By and large it doesn't rain much here.,by and large,more often than not,A2,29,General,Very Common,,
1115,generate,Bring into existence.,Verb,The new manager generated a lot of problems.,bring forth,,C1,76,Arts & Creativity,Less Common,"generative, generation, generator",
1116,generic,Relating to or common to or descriptive of all members of a genus.,Adjective,The generic name.,nonproprietary,,C2,93,Academic,Rare,genus,
1117,genetic,Occurring among members of a family usually by heredity.,Adjective,Genetically transmitted features.,familial,hereditary,B2,60,General,Common,,
1118,gentleman,A manservant who acts as a personal attendant to his employer.,Noun,Jeeves was Bertie Wooster's man.,valet,valet de chambre,C1,83,Society & Culture,Less Common,,
1119,genuine,Not fake or counterfeit.,Adjective,A genuine Picasso.,echt,,B2,58,General,Common,genuineness,
1120,genuinely,In accordance with truth or fact or reality.,Adverb,A genuinely open society.,truly,really,C2,95,General,Rare,,
1121,getting,The act of acquiring something.,Noun,He's much more interested in the getting than in the giving.,acquiring,,A1,5,General,Very Common,get,
1122,girlfriend,Any female friend.,Noun,Mary and her girlfriend organized the party.,girl,,A2,27,Society & Culture,Very Common,,
1123,glorious,Having or deserving or conferring glory.,Adjective,A long and glorious career.,brilliant,magnificent,C2,97,General,Rare,glory,
1124,goodbye,A farewell remark.,Noun,They said their good-byes.,adieu,adios,B2,63,Communication,Common,,
1125,goodness,That which is pleasing or valuable or useful.,Noun,Weigh the good against the bad.,good,,C2,91,Personal Development,Rare,good,
1126,gorgeous,Dazzlingly beautiful.,Adjective,A gorgeous Victorian gown.,beautiful,,B2,59,General,Common,,
1127,governance,The persons (or committees or departments etc.) who make up a body for the purpose of administering something.,Noun,The governance of an association is responsible to its members.,administration,governing body,C2,96,Society & Culture,Rare,,
1128,governing,The act of governing; exercising authority.,Noun,Regulations for the governing of state prisons.,government,governance,C2,92,General,Rare,govern,
1129,gradually,In a gradual manner.,Adverb,The snake moved gradually toward its victim.,bit by bit,step by step,C1,77,General,Less Common,,
1130,graduate,Receive an academic degree upon completion of one's studies.,Verb,She graduated in 1990.,calibrate,,B1,41,Business,Common,graduation,
1131,graduated,Marked with or divided into degrees.,Adjective,A calibrated thermometer.,calibrated,,C1,74,General,Less Common,,
1132,graduation,A line (as on a vessel or ruler) that marks a measurement.,Noun,The ruler had 16 graduations per inch.,commencement,,C2,98,Communication,Rare,graduate,
1133,granted,Acknowledged as a supposition.,Adjective,"Given the engine's condition, it is a wonder that it started.",given,,B1,46,General,Common,,
1134,graphic,Written or drawn or engraved.,Adjective,Graphic symbols.,graphical,in writing,C1,75,General,Less Common,,
1135,graphics,Photographs or other visual representations in a printed publication.,Noun,The publisher was responsible for all the artwork in the book.,artwork,art,C1,79,Communication,Less Common,,
1136,gravity,(physics) the force of attraction between all masses in the universe; especially the attraction of the earth's mass for bodies near its surface.,Noun,The more remote the body the less the gravity.,gravitation,gravitational attraction,C1,77,Science & Technology,Less Common,gravitate,
1137,greater,Greater in size or importance or degree.,Adjective,For the greater good of the community.,great,,A2,31,General,Very Common,,
1138,greatly,To an extraordinary extent or degree.,Adverb,He improved greatly.,substantially,,B2,61,General,Common,,
1139,grocery,A marketplace where groceries are sold.,Noun,The grocery store included a meat market.,grocery store,food market,C2,99,General,Rare,,
1140,grounds,Dregs consisting of solid particles (especially of coffee) that form a residue.,Noun,It is a Middle Eastern custom to read your future in your coffee grounds.,land,earth,B2,66,General,Common,,
1141,growing,Relating to or suitable for growth.,Adjective,The growing season for corn.,flourishing,,A2,29,Academic,Very Common,,
1142,guarantee,An unconditional commitment that something will happen or that something is true.,Noun,There is no guarantee that they are not lying.,warrant,warrantee,B1,45,Communication,Common,,
1143,halfway,At a point midway between two extremes.,Adjective,At the halfway mark.,center,middle,C2,99,General,Rare,,
1144,handful,A small number or amount.,Noun,Only a handful of responses were received.,smattering,,C2,93,Academic,Rare,,
1145,handled,Having a usually specified type of handle.,Adjective,Pearl-handled revolver.,fitted,,B2,56,General,Common,,
1146,handling,The management of someone or something.,Noun,The handling of prisoners.,treatment,,B2,56,General,Common,handle,
1147,handsome,Pleasing in appearance especially by reason of conformity to ideals of form and proportion.,Adjective,Very pretty but not so extraordinarily handsome.,fine-looking,good-looking,C1,76,General,Less Common,handsomeness,
1148,hanging,Decoration that is hung (as a tapestry) on a wall or over a window.,Noun,The cold castle walls were covered with hangings.,wall hanging,,B1,41,General,Common,hang,
1149,happily,In a joyous manner.,Adverb,They shouted happily.,merrily,mirthfully,C2,93,General,Rare,,
1150,heading,A line of text serving to indicate what the passage below it is about.,Noun,The heading seemed to have little to do with the text.,header,head,B1,42,Communication,Common,head,
1151,headquarters,(usually plural) the office that serves as the administrative center of an enterprise.,Noun,Many companies have their headquarters in New York.,central office,main office,B2,58,General,Common,,
1152,healing,Tending to cure or restore to health.,Adjective,Her gentle healing hand.,curative,alterative,C1,75,General,Less Common,,
1153,healthy,Having or indicating good health in body or mind; free from infirmity or disease.,Adjective,A rosy healthy baby.,salubrious,,A2,22,General,Very Common,"health, healthiness",
1154,hearing,An opportunity to state your case and be heard.,Noun,They condemned him without a hearing.,audience,,A2,22,Personal Development,Very Common,,
1155,heating,Utility to warm a building.,Noun,The heating system wasn't working.,heating system,heating plant,C1,81,General,Less Common,heat,
1156,heavily,To a considerable degree.,Adverb,He relied heavily on others' data.,to a great extent,,B1,38,General,Common,,
1157,heights,A high place.,Noun,He doesn't like heights.,high,,C1,74,Travel & Places,Less Common,,
1158,helping,An individual quantity of food or drink taken as part of a meal.,Noun,The helpings were all small.,portion,serving,A2,23,General,Very Common,help,
1159,highlight,The most interesting or memorable part.,Noun,The highlight of the tour was our visit to the Vatican.,high spot,,C1,77,Academic,Less Common,,
1160,hilarious,Marked by or causing boisterous merriment or convulsive laughter.,Adjective,Hilarious broad comedy.,screaming,uproarious,B2,66,General,Common,hilarity,
1161,historic,Belonging to the past; of what is important or famous in the past.,Adjective,Historic victories.,historical,,B1,42,General,Common,history,
1162,historically,Throughout history.,Adverb,Historically they have never coexisted peacefully.,traditionally,,C2,97,General,Rare,,
1163,history,The aggregate of past events.,Noun,A critical time in the school's history.,account,chronicle,A1,6,General,Very Common,historic,
1164,hitting,The act of contacting one thing with another.,Noun,Repeated hitting raised a large bruise.,hit,striking,B1,44,General,Common,hit,
1165,holding,Something owned; any tangible or intangible possession that is owned by someone.,Noun,That hat is my property.,property,belongings,A2,31,Business,Very Common,hold,
1166,holiday,Leisure time away from work devoted to rest or pleasure.,Noun,We took a short holiday in Puerto Rico.,vacation,,B1,43,General,Common,,
1167,hollywood,A flashy vulgar tone or atmosphere believed to be characteristic of the American film industry.,Noun,Some people in publishing think of theirs as a glamorous medium so they copy the glitter of Hollywood.,spirit,tone,B1,40,Personal Development,Common,,
1168,homeless,Someone unfortunate without housing.,Noun,A homeless was found murdered in Central Park.,homeless person,,B2,67,Society & Culture,Common,,
1169,honestly,(used as intensives reflecting the speaker's attitude) it is sincerely the case that.,Adverb,"Honestly, I don't believe it.",candidly,frankly,A2,27,General,Very Common,,
1170,honored,Having an illustrious reputation; respected.,Adjective,Our esteemed leader.,esteemed,prestigious,C2,95,General,Rare,,
1171,hopefully,With hope; in a hopeful manner.,Adverb,We searched hopefully for a good position.,optimistically,,B1,37,General,Common,,
1172,horizon,The range of interest or activity that can be anticipated.,Noun,It is beyond the horizon of present knowledge.,view,purview,C2,98,Personal Development,Rare,,
1173,horrible,Provoking horror.,Adjective,War is beyond all words horrible.,atrocious,frightful,B1,45,General,Common,,
1174,hostile,Troops belonging to the enemy's military forces.,Noun,The platoon ran into a pack of hostiles.,soldiery,troops,C2,98,Society & Culture,Rare,,
1175,however,Despite anything to the contrary (usually following a concession).,Adverb,"Although I'm a little afraid, however I'd like to try it.",nevertheless,withal,A1,5,General,Very Common,,
1176,hurting,A symptom of some physical hurt or disorder.,Noun,The patient developed severe pain and distension.,pain,,C2,93,Personal Development,Rare,hurt,
1177,husband,Use cautiously and frugally.,Verb,I try to economize my spare time.,conserve,economize,A1,12,Business,Very Common,,
1178,identical,Exactly alike; incapable of being perceived as different.,Adjective,Rows of identical houses.,indistinguishable,,C1,77,General,Less Common,"identity, identicalness",
1179,identified,Having the identity known or established.,Adjective,The identified bodies were released for burial.,known,,B1,45,General,Common,,
1180,identify,Recognize as being; establish the identity of someone or something.,Verb,She identified the man on the 'wanted' poster.,place,,B1,37,Academic,Common,"identifiable, identification, identity",
1181,ignored,Disregarded.,Adjective,Her ignored advice.,neglected,unheeded,B2,66,General,Common,,
1182,illegal,Prohibited by law or by official or accepted rules.,Adjective,An illegal chess move.,dirty,,A2,27,General,Very Common,illegality,
1183,imagine,"Expect, believe, or suppose.",Verb,I imagine she earned a lot of money with her new novel.,think,opine,A2,30,Academic,Very Common,,
1184,immediately,Without delay or hesitation; with no time intervening.,Adverb,He answered immediately.,instantly,straightaway,A1,13,General,Very Common,,
1185,immigration,The body of immigrants arriving during a specified interval.,Noun,The increased immigration strengthened the colony.,body,,B1,43,Society & Culture,Common,immigrate,
1186,imperial,Relating to or associated with an empire.,Adjective,Imperial colony.,majestic,purple,C1,77,Academic,Less Common,empire,
1187,implement,Apply in a manner consistent with its purpose or design.,Verb,Implement a procedure.,enforce,apply,C1,78,Society & Culture,Less Common,implementation,
1188,implementation,The act of accomplishing some aim or executing some order.,Noun,The agency was created for the implementation of the policy.,execution,carrying out,B2,63,General,Common,implement,
1189,implemented,Forced or compelled or put in force.,Adjective,A life of enforced inactivity.,enforced,,C1,75,General,Less Common,,
1190,importance,The quality of being important and worthy of note.,Noun,The importance of a well-balanced diet.,grandness,,B1,37,Personal Development,Common,important,
1191,importantly,In an important way or to an important degree.,Adverb,"More importantly, Weber held that the manifold meaning attached to the event by the social scientist could alter his definition of the concrete event itself.",significantly,,C2,96,General,Rare,,
1192,imposed,Set forth authoritatively as obligatory.,Adjective,The imposed taxation.,obligatory,,C1,83,General,Less Common,,
1193,impossible,Something that cannot be done.,Noun,His assignment verged on the impossible.,impossibility,,A2,23,Academic,Very Common,,
1194,impression,A vague idea in which some confidence is placed.,Noun,His impression of her was favorable.,feeling,belief,B2,59,Academic,Common,impressionistic,
1195,improve,To make better.,Verb,The editor improved the manuscript with his changes.,better,amend,A2,23,Science & Technology,Very Common,"improvement, improver",
1196,improved,Made more desirable or valuable or profitable; especially made ready for use or marketing.,Adjective,New houses are springing up on an improved tract of land near the river.,landscaped,,B1,46,General,Common,,
1197,improving,Getting higher or more vigorous.,Adjective,An improving economy.,up,,B2,58,General,Common,,
1198,incident,A public disturbance.,Noun,The police investigated an incident at the bus station.,disturbance,disruption,B1,38,Personal Development,Common,,
1199,include,"Have as a part, be made up out of.",Verb,The list includes the names of many famous writers.,admit,,A1,8,General,Very Common,,
1200,included,Enclosed in the same envelope or package.,Adjective,The included check.,enclosed,,A1,11,General,Very Common,,
1201,incorporated,Organized and maintained as a legal corporation.,Adjective,An incorporated town.,corporate,,C1,78,General,Less Common,,
1202,increase,A change resulting in an increase.,Noun,The increase is scheduled for next month.,addition,gain,A1,10,Society & Culture,Very Common,,
1203,increasing,Becoming greater or larger.,Adjective,Increasing prices.,multiplicative,,A2,27,General,Very Common,,
1204,increasingly,Advancing in amount or intensity.,Adverb,She became increasingly depressed.,progressively,more and more,B2,57,General,Common,,
1205,incredible,Beyond belief or understanding.,Adjective,At incredible speed.,unbelievable,,B1,45,General,Common,"incredibleness, incredibility",
1206,incredibly,Not easy to believe.,Adverb,Behind you the coastal hills plunge to the incredibly blue sea backed by the Turkish mountains.,improbably,implausibly,B2,57,General,Common,,
1207,independence,The successful ending of the American Revolution.,Noun,They maintained close relations with England even after independence.,independency,,B1,36,Society & Culture,Common,,
1208,independently,On your own; without outside help.,Adverb,The children worked on the project independently.,severally,,C2,99,General,Rare,,
1209,indicate,Be a signal for or a symptom of.,Verb,These symptoms indicate a serious illness.,bespeak,betoken,B2,59,Communication,Common,"indicative, indication, indicant, indicator",
1210,indication,Something that serves to indicate or suggest.,Noun,An indication of foul play.,indicant,,C2,99,Communication,Rare,indicate,
1211,indigenous,Originating where it is found.,Adjective,The Ainu are indigenous to the northernmost islands of Japan.,autochthonal,autochthonic,C1,83,General,Less Common,indigenousness,
1212,individual,Being or characteristic of a single thing or person.,Adjective,Individual drops of rain.,single,,A1,12,General,Very Common,individuality,
1213,industrial,Of or relating to or resulting from industry.,Adjective,Industrial output.,postindustrial,,A2,26,Academic,Very Common,,
1214,inevitable,An unavoidable event.,Noun,Don't argue with the inevitable.,destiny,fate,C2,97,Society & Culture,Rare,,
1215,infected,Containing or resulting from disease-causing organisms.,Adjective,A septic sore throat.,septic,,C2,91,General,Rare,,
1216,infection,The communication of an attitude or emotional state among a number of people.,Noun,The infection of his enthusiasm for poetry.,contagion,,B2,61,Communication,Common,"infectious, infect",
1217,infinite,The unlimited expanse in which everything is located.,Noun,The boundless regions of the infinite.,space,,C1,83,General,Less Common,,
1218,inflation,A general and progressive increase in prices.,Noun,In inflation everything gets more valuable except money.,rising prices,,C1,74,Science & Technology,Less Common,"inflationary, inflate",
1219,influential,Having or exercising influence or power.,Adjective,An influential newspaper.,prestigious,,C2,96,General,Rare,influence,
1220,informed,Having much knowledge or education.,Adjective,An informed public.,privy,,B1,45,General,Common,,
1221,initial,The first letter of a word (especially a person's name).,Noun,He refused to put the initials FRS after his name.,letter,,A2,26,Communication,Very Common,,
1222,initially,At the beginning.,Adverb,At first he didn't notice anything strange.,ab initio,,B1,42,General,Common,,
1223,initiative,Serving to set in motion.,Adjective,The initiative phase in the negotiations.,inaugural,initiatory,B2,58,General,Common,initiate,
1224,injured,Harmed.,Adjective,Injured soldiers.,disjointed,dislocated,B1,41,General,Common,,
1225,innocent,Free from evil or guilt.,Adjective,An innocent child.,guiltless,clean-handed,B1,45,General,Common,innocence,
1226,innovative,Ahead of the times.,Adjective,Is British industry innovative enough?,advanced,forward-looking,C2,95,General,Rare,innovativeness,
1227,inspector,An investigator who observes carefully.,Noun,The examiner searched for clues.,examiner,,B2,56,Society & Culture,Common,"inspectorship, inspect",
1228,inspired,Being of such surpassing excellence as to suggest inspiration by the gods.,Adjective,An inspired performance.,divine,elysian,B1,45,General,Common,,
1229,install,Set up for use.,Verb,Install the washer and dryer.,instal,put in,C1,74,General,Less Common,"installment, installation, installing",
1230,installation,The act of installing something (as equipment).,Noun,The telephone installation took only a few minutes.,installing,installment,C1,83,General,Less Common,install,
1231,instance,An occurrence of something.,Noun,Another instance occurred yesterday.,case,example,B1,35,Society & Culture,Common,instantiate,
1232,instant,Occurring with no delay.,Adjective,Relief was instantaneous.,instantaneous,,B2,60,General,Common,instancy,
1233,instantly,Without delay or hesitation; with no time intervening.,Adverb,He answered immediately.,immediately,straightaway,C1,75,General,Less Common,,
1234,instead,"In place of, or as an alternative to.",Adverb,Felix became a herpetologist instead.,alternatively,or else,A1,7,General,Very Common,,
1235,institute,"Advance or set forth in court; ,.",Verb,Institute proceedings.,bring,,A2,22,Arts & Creativity,Very Common,,
1236,instruction,The activities of educating or instructing; activities that impart knowledge or skill.,Noun,Our instruction was carefully programmed.,education,teaching,C1,74,General,Less Common,"instructional, instruct",
1237,instrument,The means whereby some act is accomplished.,Noun,My greed was the instrument of my destruction.,tool,,B2,67,General,Common,instrumental,
1238,integrated,Formed into a whole or introduced into another entity.,Adjective,A more closely integrated economic and political system.,incorporate,incorporated,B2,64,General,Common,,
1239,integration,The act of combining into an integral whole.,Noun,A consolidation of two corporations.,consolidation,,C1,76,General,Less Common,integrate,
1240,intelligence,Secret information about an enemy (or potential enemy).,Noun,We sent out planes to gather intelligence on their radar coverage.,intelligence information,,A2,27,Communication,Very Common,,
1241,intelligent,Having the capacity for thought and reason especially to a high degree.,Adjective,Is there intelligent life in the universe?,reasoning,thinking,B2,64,General,Common,intelligence,
1242,intended,Resulting from one's intentions.,Adjective,Your intended trip abroad.,intentional,knowing,A2,27,General,Very Common,,
1243,intense,Possessing or displaying a distinctive feature to a heightened degree.,Adjective,Intense heat.,acute,,B2,56,General,Common,intensity,
1244,intensity,The amount of energy transmitted (as by acoustic or electromagnetic radiation).,Noun,He adjusted the intensity of the sound.,strength,intensity level,C1,74,Personal Development,Less Common,,
1245,intensive,Characterized by a high degree or intensity; often used as a combining form.,Adjective,The questioning was intensive.,intense,,C2,99,General,Rare,intensiveness,
1246,interest,A sense of concern with and curiosity about someone or something.,Noun,An interest in music.,involvement,,A1,8,Academic,Very Common,,
1247,interested,Having or showing interest; especially curiosity or fascination or concern.,Adjective,An interested audience.,concerned,,A2,29,General,Very Common,interestedness,
1248,interface,The overlap where two theories or phenomena affect each other or have links with each other.,Noun,The interface between chemistry and biology.,port,,C2,92,Academic,Rare,,
1249,interior,Situated within or suitable for inside a building.,Adjective,An interior scene.,home,internal,B1,38,General,Common,,
1250,internal,Happening or arising or located within some limits or especially surface.,Adjective,Internal organs.,intragroup,,B1,43,General,Common,,
1251,international,Concerning or belonging to all or at least two or more nations.,Adjective,International affairs.,external,outside,A1,6,General,Very Common,internationality,
1252,intervention,"The act of intervening (as to mediate a dispute, etc.).",Noun,It occurs without human intervention.,intercession,,B2,67,General,Common,intervene,
1253,introduce,Cause to come to know personally.,Verb,Introduce the new neighbors to the community.,present,acquaint,B2,58,Communication,Common,introduction,
1254,invasion,Any entry into an area not previously occupied.,Noun,An invasion of tourists.,encroachment,intrusion,C1,75,Society & Culture,Less Common,invade,
1255,inventory,The merchandise that a shop has on hand.,Noun,They carried a vast inventory of hardware.,stock,,C1,74,General,Less Common,,
1256,investigate,Investigate scientifically.,Verb,Let's investigate the syntax of Chinese.,look into,,B2,63,Communication,Common,"investigation, investigator, investigating",
1257,invisible,Impossible or nearly impossible to see; imperceptible by the eye.,Adjective,The invisible man.,unseeable,,C2,96,General,Rare,"invisibleness, invisibility",
1258,invitation,A request (spoken or written) to participate or be present or take part in something.,Noun,An invitation to lunch.,letter,missive,C1,74,Communication,Less Common,"invitational, invite",
1259,involve,Engage as a participant.,Verb,Don't involve me in your family affairs!,affect,regard,B2,65,General,Common,"involution, involvement",
1260,involved,Connected by participation or association or use.,Adjective,"We accomplished nothing, simply because of the large number of people involved.",mired,,A1,10,General,Very Common,,
1261,involvement,A connection of inclusion or containment.,Noun,He escaped involvement in the accident.,engagement,participation,B2,63,Academic,Common,involve,
1262,iranian,Of or relating to Iran or its people or language or culture.,Adjective,Iranian mountains.,Persian,,C1,83,Academic,Less Common,Iran,
1263,islamic,Of or relating to or supporting Islamism.,Adjective,Islamic art.,Muslim,Moslem,B1,45,Academic,Common,Islam,
1264,isolated,Not close together in time.,Adjective,Isolated instances of rebellion.,stray,,C1,74,General,Less Common,,
1265,italian,Of or pertaining to or characteristic of Italy or its people or culture or language.,Adjective,Italian cooking.,Italic,,B1,43,Academic,Common,Italy,
1266,japanese,Of or relating to or characteristic of Japan or its people or their culture or language.,Adjective,The Japanese Emperor.,Nipponese,,A2,22,Academic,Very Common,,
1267,jealous,Showing extreme cupidity; painfully desirous of another's advantages.,Adjective,Jealous of his success and covetous of his possessions.,covetous,envious,C1,74,General,Less Common,,
1268,joining,The act of bringing two things into contact (especially for communication).,Noun,The joining of hands around the table.,connection,connexion,B1,43,General,Common,join,
1269,journal,A periodical dedicated to a particular subject.,Noun,He reads the medical journals.,diary,,A2,23,Communication,Very Common,,
1270,judgment,An opinion formed by judging something.,Noun,He was reluctant to make his judgment known.,judgement,mind,B2,65,Academic,Common,judgmental,
1271,judicial,Decreed by or proceeding from a court of justice.,Adjective,A judicial decision.,juridical,juridic,C1,74,General,Less Common,judge,
1272,jumping,The act of jumping; propelling yourself off the ground.,Noun,The jumping was unexpected.,jump,,C1,75,General,Less Common,jump,
1273,jurisdiction,(law) the right and power to interpret and apply the law.,Noun,Courts having jurisdiction in this district.,legal power,,C2,95,Personal Development,Rare,,
1274,justify,Adjust the spaces between words.,Verb,Justify the margins.,warrant,,C2,90,Science & Technology,Rare,,
1275,keeping,Conformity or harmony.,Noun,His behavior was not in keeping with the occasion.,guardianship,safekeeping,A2,21,General,Very Common,keep,
1276,kicking,A rhythmic thrusting movement of the legs as in swimming or calisthenics.,Noun,The swimmer's kicking left a wake behind him.,kick,,C1,83,General,Less Common,,
1277,killing,Very funny.,Adjective,A killing joke.,sidesplitting,,A2,31,General,Very Common,,
1278,kingdom,A domain in which something is dominant.,Noun,The untroubled kingdom of reason.,land,realm,B1,46,Personal Development,Common,,
1279,knowing,Characterized by conscious design or purpose.,Adjective,A knowing attempt to defraud.,intentional,,A2,24,General,Very Common,knowingness,
1280,lacking,Inadequate in amount or degree.,Adjective,Lacking in stamina.,deficient,wanting,C2,97,General,Rare,,
1281,landing,The act of coming down to the earth (or other surface).,Noun,The plane made a smooth landing.,arrival,,B2,56,General,Common,land,
1282,largely,In large part; mainly or chiefly.,Adverb,These accounts are largely inactive.,mostly,for the most part,B1,46,General,Common,,
1283,lasting,Existing for a long time.,Adjective,A long-lasting friendship.,durable,long-lasting,C2,93,General,Rare,lastingness,
1284,laughing,Showing or feeling mirth or pleasure or happiness.,Adjective,Laughing children.,riant,,B1,46,General,Common,,
1285,laughter,The activity of laughing; the manifestation of joy or mirth or scorn.,Noun,He enjoyed the laughter of the crowd.,laugh,,C2,95,General,Rare,,
1286,lawsuit,A comprehensive term for any proceeding in a court of law whereby an individual seeks a legal remedy.,Noun,The family brought suit against the landlord.,suit,case,C2,96,General,Rare,,
1287,leaders,The body of people who lead a group.,Noun,The national leadership adopted his plan.,leadership,,A2,22,Society & Culture,Very Common,,
1288,leading,Indicating the most important performer or role.,Adjective,The leading man.,prima,star,A1,13,General,Very Common,,
1289,learned,Having or showing profound knowledge.,Adjective,A learned jurist.,erudite,,A2,21,General,Very Common,learnedness,
1290,learning,The cognitive process of acquiring skill or knowledge.,Noun,The child's acquisition of language.,acquisition,,A2,30,Academic,Very Common,,
1291,lecture,A speech that is open to the public.,Noun,He attended a lecture on telecommunications.,public lecture,talk,C2,90,Communication,Rare,lectureship,
1292,legally,In a legal manner.,Adverb,He acted legally.,lawfully,,C1,77,General,Less Common,,
1293,legendary,So celebrated as to having taken on the nature of a legend.,Adjective,The legendary exploits of the arctic trailblazers.,fabled,,C1,75,General,Less Common,,
1294,legislative,Relating to a legislature or composed of members of a legislature.,Adjective,Legislative council.,lawmaking,,B2,62,Academic,Common,,
1295,legitimate,In accordance with recognized or accepted standards or principles.,Adjective,Legitimate advertising practices.,lawful,licit,C1,76,General,Less Common,,
1296,letters,The literary culture.,Noun,This book shows American letters at its best.,letter,missive,B1,43,Academic,Common,,
1297,liberal,Showing or characterized by broad-mindedness.,Adjective,A liberal newspaper.,broad,large-minded,B1,43,General,Common,liberalness,
1298,liberty,Freedom of choice.,Noun,Liberty of opinion.,autonomy,,B2,60,Personal Development,Common,liberate,
1299,library,A room where books are kept.,Noun,They had brandy in the library.,collection,aggregation,A2,20,General,Very Common,,
1300,license,Excessive freedom; lack of due restraint.,Noun,When liberty becomes license dictatorship is near.,licence,,B1,40,Personal Development,Common,,
1301,licensed,Given official approval to act.,Adjective,Licensed pharmacist.,accredited,commissioned,C1,82,General,Less Common,,
1302,lifetime,The period during which something is functional (as between birth and death).,Noun,The battery had a short life.,life,life-time,B2,57,General,Common,,
1303,lighter,A device for lighting or igniting fuel or charges or fires.,Noun,Do you have a light?,light,igniter,C2,96,General,Rare,light,
1304,lighting,Having abundant light or illumination.,Noun,As long as the lighting was good.,light,,B2,64,Personal Development,Common,,
1305,limited,Small in range or scope.,Adjective,Limited war.,special,,A1,12,General,Very Common,,
1306,listening,The act of hearing attentively.,Noun,You can learn a lot by just listening.,hearing,,B1,43,General,Common,listen,
1307,literally,In a literal sense.,Adverb,Literally translated.,exactly,,A2,30,General,Very Common,,
1308,literary,Of or relating to or characteristic of literature.,Adjective,Literary criticism.,literate,,B2,63,Academic,Common,literature,
1309,loading,The labor of putting a load of something on or in a vehicle or ship or container etc.,Noun,The loading took 2 hours.,cargo,lading,C2,95,General,Rare,load,
1310,locally,By a particular locality.,Adverb,It was locally decided.,topically,,C2,94,General,Rare,,
1311,located,Situated in a particular spot or position.,Adjective,Valuable centrally located urban land.,placed,set,A2,20,General,Very Common,,
1312,longest,For the most time.,Adverb,She stayed longest.,furthest,,C1,76,General,Less Common,,
1313,looking,The act of directing the eyes toward something and perceiving it visually.,Noun,He gave it a good looking at.,look,looking at,A1,5,General,Very Common,,
1314,machine,An efficient person.,Noun,The boxer was a magnificent fighting machine.,car,auto,A2,31,Society & Culture,Very Common,,
1315,magazine,A periodic publication containing pictures and stories and articles of interest to those who purchase it or subscribe to it.,Noun,It takes several years before a magazine starts to break even or make money.,mag,,A2,24,Communication,Very Common,,
1316,magical,Possessing or using or characteristic of or appropriate to supernatural powers.,Adjective,A magical spell.,charming,magic,C1,76,General,Less Common,magic,
1317,magnetic,Of or relating to or caused by magnetism.,Adjective,Magnetic forces.,magnetized,magnetised,C1,82,Academic,Less Common,magnet,
1318,mainstream,The prevailing current of thought.,Noun,His thinking was in the American mainstream.,thought,,B2,67,Academic,Common,,
1319,maintain,Maintain by writing regular records.,Verb,Maintain a record.,keep,,B1,44,Communication,Common,,
1320,maintained,Continued in your keeping or use or memory.,Adjective,In...the retained pattern of dancers and guests remembered.,retained,,B2,57,General,Common,,
1321,maintenance,The unauthorized interference in a legal action by a person having no interest in it (as by helping one party with money or otherwise to continue the action) so as to obstruct justice or promote unnecessary litigation or unsettle the peace of the community.,Noun,"Unlike champerty, criminal maintenance does not necessarily involve personal profit.",criminal maintenance,,B1,38,General,Common,,
1322,majority,The property resulting from being or relating to the greater in number of two parts; the main part.,Noun,The majority of his customers prefer it.,bulk,,A2,29,Personal Development,Very Common,major,
1323,mandatory,Required by rule.,Adjective,Attendance is mandatory.,compulsory,required,C2,91,General,Rare,mandate,
1324,manufacturing,The act of making something (a product) from raw materials.,Noun,Manufacturing is vital to Great Britain.,fabrication,manufacture,B1,37,General,Common,,
1325,marketing,The commercial processes involved in promoting and selling and distributing a product or service.,Noun,Most companies have a manager in charge of marketing.,selling,merchandising,A2,23,General,Very Common,market,
1326,marriage,The state of being a married couple voluntarily joined for life (or until divorce).,Noun,A long and happy marriage.,matrimony,union,A2,30,Personal Development,Very Common,,
1327,married,A person who is married.,Noun,We invited several young marrieds.,person,individual,A1,11,Society & Culture,Very Common,marry,
1328,martial,Of or relating to the armed forces.,Adjective,Martial law.,soldierly,soldierlike,C2,99,General,Rare,,
1329,massive,Imposing in size or bulk or solidity.,Adjective,Massive oak doors.,monolithic,monumental,A2,26,General,Very Common,massiveness,
1330,matching,Intentionally matched.,Adjective,Curtains and walls were color coordinated.,coordinated,co-ordinated,C2,95,General,Rare,,
1331,material,The tangible substance that goes into the makeup of a physical object.,Noun,Coal is a hard black material.,stuff,,A2,29,Science & Technology,Very Common,,
1332,maximum,The greatest or most complete or best possible.,Adjective,Maximum pressure.,maximal,,B1,47,General,Common,,
1333,meaning,The message that is intended or expressed or signified.,Noun,What is the meaning of this sentence.,significance,signification,A2,32,Communication,Very Common,mean,
1334,meanwhile,"The time between one event, process, or period and another.",Noun,Meanwhile the socialists are running the government.,interim,meantime,B1,42,General,Common,,
1335,measure,Any maneuver made as part of progress toward a goal.,Noun,The situation called for strong measures.,step,,B1,44,General,Common,,
1336,measured,Carefully thought out in advance.,Adjective,With measured irony.,deliberate,calculated,B2,56,General,Common,,
1337,measuring,The act or process of assigning numbers to phenomena according to a rule.,Noun,His mental measurings proved remarkably accurate.,measurement,measure,C2,98,General,Rare,measure,
1338,mechanical,Using (or as if using) mechanisms or tools or devices.,Adjective,A mechanical process.,mechanistic,,B2,61,General,Common,"mechanism, mechanics",
1339,mechanics,The technical aspects of doing something.,Noun,The mechanics of prose style.,mechanism,,C2,91,General,Rare,mechanical,
1340,mechanism,The atomic process that occurs during a chemical reaction.,Noun,He determined unique mechanisms for the photochemical reactions.,chemical mechanism,,B2,66,Science & Technology,Common,,
1341,medical,Relating to the study or practice of medicine.,Adjective,The medical profession.,aesculapian,,A1,8,Academic,Very Common,medicine,
1342,medicine,The learned profession that is mastered by graduate training in a medical school and that is devoted to preventing or alleviating or curing diseases and injuries.,Noun,He studied medicine at Harvard.,practice of medicine,,A2,25,General,Very Common,"medical, medicate",
1343,meeting,A formally arranged gathering.,Noun,Next year the meeting will be in Chicago.,group meeting,,A1,9,Society & Culture,Very Common,meet,
1344,mentally,In your mind.,Adverb,He suffered mentally.,psychologically,,C1,78,General,Less Common,,
1345,mention,A remark that calls attention to something or someone.,Noun,She made frequent mention of her promotion.,reference,,A2,25,Communication,Very Common,,
1346,message,A communication (usually brief) that is written or spoken or signaled.,Noun,He sent a three-word message.,content,substance,A1,13,Communication,Very Common,,
1347,mexican,Of or relating to Mexico or its inhabitants.,Adjective,Mexican food is hot.,Latin American,,B2,55,Academic,Common,Mexico,
1348,midnight,12 o'clock at night; the middle of the night.,Noun,Young children should not be allowed to stay up until midnight.,zero-hour,,B2,63,General,Common,,
1349,military,The military forces of a nation.,Noun,Their military is the largest in the region.,armed forces,armed services,A1,8,Society & Culture,Very Common,"militaristic, militarize, militarise",
1350,million,A very large indefinite number (usually hyperbole).,Noun,There were millions of flies.,billion,trillion,A1,7,Academic,Very Common,,
1351,minimal,The least possible.,Adjective,Needed to enforce minimal standards.,minimum,,C2,94,General,Rare,,
1352,minimum,The least possible.,Adjective,Minimum wage.,minimal,,A2,27,General,Very Common,,
1353,minister,A person authorized to conduct religious worship.,Noun,Clergymen are usually called ministers in Protestant churches.,curate,minister of religion,A1,11,Society & Culture,Very Common,ministerial,
1354,ministry,The work of a minister of religion.,Noun,He is studying for the ministry.,employment,work,B1,45,General,Common,,
1355,miserable,Very unhappy; full of misery.,Adjective,He felt depressed and miserable.,suffering,wretched,C2,98,General,Rare,miserableness,
1356,missing,Not able to be found.,Adjective,Missing in action.,lacking,absent,A1,11,General,Very Common,,
1357,mission,An operation that is assigned by a higher headquarters.,Noun,The planes were on a bombing mission.,military mission,,A2,32,General,Very Common,,
1358,missouri,The longest river in the United States; arises in Montana and flows southeastward to become a tributary of the Mississippi at Saint Louis.,Noun,The Missouri and Mississippi Rivers together form the third longest river in the world.,Missouri River,,B2,67,General,Common,,
1359,mistake,A wrong action attributable to bad judgment or ignorance or inattention.,Noun,He made a bad mistake.,error,fault,A2,28,General,Very Common,,
1360,mixture,Any foodstuff made by combining different ingredients.,Noun,He drank a mixture of beer and lemonade.,concoction,intermixture,C1,81,General,Less Common,mix,
1361,moderate,Preside over.,Verb,John moderated the discussion.,chair,lead,B2,66,Communication,Common,moderator,
1362,modified,Changed in form or character.,Adjective,Their modified stand made the issue more acceptable.,limited,,C1,74,General,Less Common,,
1363,molecular,Relating to or produced by or consisting of molecules.,Adjective,Molecular structure.,atomic,,C2,94,Academic,Rare,molecule,
1364,momentum,An impelling force or strength.,Noun,The car's momentum carried it off the road.,impulse,,C2,98,Personal Development,Rare,,
1365,monetary,Relating to or involving money.,Adjective,Monetary rewards.,pecuniary,,C2,95,Academic,Rare,money,
1366,monitor,Keep tabs on; keep an eye on; keep under surveillance.,Verb,We are monitoring the air quality.,supervise,,B2,58,General,Common,monitoring,
1367,monitoring,The act of observing something (and sometimes keeping a record of it).,Noun,The monitoring of enemy communications plays an important role in war times.,observation,observance,B2,60,General,Common,monitor,
1368,monthly,Of or occurring or payable every month.,Adjective,Monthly payments.,periodic,periodical,B1,41,General,Common,month,
1369,moreover,In addition.,Adverb,"The cellar was dark; moreover, mice nested there.",furthermore,what is more,C1,83,General,Less Common,,
1370,morning,The time period between dawn and noon.,Noun,I spent the morning running errands.,morn,morning time,A1,7,General,Very Common,,
1371,motivated,Provided with a motive or given incentive for action.,Adjective,A highly motivated child can learn almost anything.,actuated,,C2,90,General,Rare,,
1372,mountain,(often followed by `of') a large number or amount or extent.,Noun,A batch of letters.,batch,deal,A2,25,Academic,Very Common,,
1373,mounted,Decorated with applied ornamentation; often used in combination.,Adjective,The trim brass-mounted carbine of the ranger.,adorned,decorated,B2,55,General,Common,,
1374,movement,A change of position that does not entail a change of location.,Noun,Movement is a sign of life.,motion,move,A1,13,General,Very Common,move,
1375,multiple,The product of a quantity by an integer.,Noun,36 is a multiple of 9.,product,,A2,30,Academic,Very Common,,
1376,municipal,Relating or belonging to or characteristic of a municipality.,Adjective,Municipal government.,domestic,,C1,74,Academic,Less Common,municipality,
1377,murdered,Killed unlawfully.,Adjective,The murdered woman.,dead,,B2,62,General,Common,,
1378,mysterious,Of an obscure nature.,Adjective,The new insurance policy is written without cryptic or mysterious terms.,cryptic,cryptical,C1,82,General,Less Common,mystery,
1379,mystery,Something that baffles understanding and cannot be explained.,Noun,How it got out is a mystery.,enigma,secret,B1,45,Academic,Common,"mysterious, mystify",
1380,national,Of or relating to or belonging to a nation or country.,Adjective,National hero.,home,interior,A1,6,Academic,Very Common,nationality,
1381,nationwide,Occurring or extending throughout a country or nation.,Adjective,The event aroused nationwide interest.,countrywide,,C2,99,General,Rare,,
1382,natural,Someone regarded as certain to succeed.,Noun,He's a natural for the job.,cancel,,A1,9,Society & Culture,Very Common,,
1383,naturally,As might be expected.,Adverb,"Naturally, the lawyer sent us a huge bill.",of course,course,B1,42,General,Common,,
1384,nearest,(superlative of `near' or `close') within the shortest distance.,Adverb,That was the time he came nearest to death.,nighest,closest,C2,94,General,Rare,,
1385,necessarily,In an essential manner.,Adverb,Such expenses are necessarily incurred.,needfully,,B1,42,General,Common,,
1386,negative,A reply of denial.,Noun,He answered in the negative.,denial,,A2,23,Communication,Very Common,,
1387,neighbor,A nearby object of the same kind.,Noun,Fort Worth is a neighbor of Dallas.,neighbour,,C2,94,General,Rare,neighborhood,
1388,nervous,Easily agitated.,Adjective,A nervous addict.,anxious,queasy,B2,67,General,Common,nervousness,
1389,neutral,Having no personal preference.,Adjective,A neutral observer.,impersonal,,C1,74,General,Less Common,neutrality,
1390,nigerian,Of or relating to Nigeria.,Adjective,The Nigerian capital used to be Lagos.,Nigerien,,C2,88,Academic,Rare,Niger,
1391,nomination,The act of officially naming a candidate.,Noun,The Republican nomination for Governor.,appointment,assignment,C2,99,General,Rare,nominate,
1392,nonsense,Having no intelligible meaning.,Adjective,Nonsense syllables.,nonsensical,,C1,77,General,Less Common,,
1393,normally,Under normal conditions.,Adverb,Usually she was late.,usually,unremarkably,B1,36,General,Common,,
1394,northern,In or characteristic of a region of the United States north of (approximately) the Mason-Dixon line.,Adjective,Northern liberals.,northerly,,A2,21,General,Very Common,,
1395,northwest,Coming from the northwest.,Adjective,Northwesterly winds.,northwesterly,,C2,90,General,Rare,,
1396,notable,Widely known and esteemed.,Adjective,A notable historian.,celebrated,famed,C2,99,General,Rare,notability,
1397,nothing,A quantity of no importance.,Noun,It looked like nothing I had ever seen before.,nil,nix,A1,6,Academic,Very Common,,
1398,noticed,Being perceived or observed.,Adjective,An easily noticed effect on the rate of growth.,detected,,B1,45,General,Common,,
1399,nowadays,In these times.,Adverb,It is solely by their language that the upper classes nowadays are distinguished.,now,today,C2,94,General,Rare,,
1400,nowhere,An insignificant place.,Noun,He came out of nowhere.,obscurity,,B2,56,Personal Development,Common,,
1401,nuclear,(weapons) deriving destructive energy from the release of atomic energy.,Adjective,Nuclear war.,atomic,,A2,25,General,Very Common,,
1402,numerous,Amounting to a large indefinite number.,Adjective,Numerous times.,legion,,B1,44,General,Common,"numerosity, numerousness",
1403,obligation,The social force that binds you to the courses of action demanded by that force.,Noun,"Every right implies a responsibility; every opportunity, an obligation; every possession, a duty.",duty,responsibility,C2,99,General,Rare,"obligate, oblige",
1404,observed,Discovered or determined by scientific observation.,Adjective,No explanation for the observed phenomena.,ascertained,discovered,B2,57,General,Common,,
1405,obsessed,Having or showing excessive or compulsive concern with something.,Adjective,Was absolutely obsessed with the girl.,haunted,preoccupied,C2,97,General,Rare,,
1406,obvious,Easily perceived by the senses or grasped by the mind.,Adjective,Obvious errors.,demonstrable,provable,B1,45,General,Common,obviousness,
1407,obviously,Unmistakably (`plain' is often used informally for `plainly').,Adverb,The answer is obviously wrong.,evidently,manifestly,A2,22,General,Very Common,,
1408,occasional,Occurring from time to time.,Adjective,Took an occasional glass of wine.,casual,,C2,92,General,Rare,,
1409,occasionally,Now and then or here and there.,Adverb,He was arrogant and occasionally callous.,on occasion,once in a while,B2,57,General,Common,,
1410,occasions,Something you have to do.,Noun,He minded his own specialized occasions.,juncture,occasion,B2,55,Academic,Common,,
1411,occupied,Held or filled or in use.,Adjective,She keeps her time well occupied.,tenanted,,B2,62,General,Common,,
1412,offense,A feeling of anger caused by being offended.,Noun,He took offence at my question.,umbrage,offence,B2,55,Emotion,Common,,
1413,offensive,Violating or tending to violate or offend against.,Adjective,Considered such depravity offensive against all laws of humanity.,violative,,B1,44,General,Common,"offensiveness, offend",
1414,offering,Something offered (as a proposal or bid).,Noun,Noteworthy new offerings for investors included several index funds.,offer,,B1,47,Communication,Common,offer,
1415,officer,Any person in the armed services who holds a position of authority or command.,Noun,An officer is responsible for the lives of his men.,military officer,,A1,11,Society & Culture,Very Common,,
1416,official,Someone who administers the rules of a game or sport.,Noun,The golfer asked for an official who could give him a ruling.,functionary,,A1,9,Society & Culture,Very Common,,
1417,officially,In an official role.,Adverb,"Officially, he is in charge.",formally,,B1,39,General,Common,,
1418,olympic,Of or relating to the Olympic Games.,Adjective,Olympic winners.,Olympian,,B1,42,Academic,Common,,
1419,ongoing,Currently happening.,Adjective,An ongoing economic crisis.,on-going,,B2,62,General,Common,,
1420,opening,An open or empty space in or between things.,Noun,There was a small opening between the trees.,gap,,A2,29,General,Very Common,open,
1421,operate,Handle and cause to function.,Verb,Do not operate machinery after imbibing alcohol.,control,,B1,41,General,Common,"operative, operation, operator",
1422,operating,Involved in a kind of operation.,Adjective,The operating conditions of the oxidation pond.,operational,,A2,24,General,Very Common,,
1423,operation,The state of being in effect or being operative.,Noun,That rule is no longer in operation.,surgery,,A2,30,Personal Development,Very Common,operate,
1424,operational,Pertaining to a process or series of actions for achieving a result.,Adjective,Operational difficulties.,functional,usable,C1,77,Academic,Less Common,,
1425,operator,An agent that operates some apparatus or machine.,Noun,The operator of the switchboard.,manipulator,,B2,62,Society & Culture,Common,operate,
1426,opinion,A personal belief or judgment that is not founded on proof or certainty.,Noun,My opinion differs from yours.,sentiment,persuasion,A2,29,Academic,Very Common,opine,
1427,opponent,Characterized by active hostility.,Adjective,Opponent (or opposing) armies.,opposing,,C1,78,General,Less Common,oppose,
1428,opposed,Being in opposition or having an opponent.,Adjective,Two bitterly opposed schools of thought.,conflicting,,B1,41,General,Common,,
1429,opposite,Being directly across from each other; facing.,Adjective,"And I on the opposite shore will be, ready to ride and spread the alarm.",paired,,B1,46,General,Common,,
1430,opposition,The action of opposing something that you disapprove or disagree with.,Noun,Despite opposition from the newspapers he went ahead.,resistance,,B1,37,General,Common,oppose,
1431,optical,Of or relating to or involving light or optics.,Adjective,Optical supplies.,ocular,optic,C2,99,Academic,Rare,optics,
1432,ordered,Having a systematic arrangement; especially having elements succeeding in order according to rule.,Adjective,An ordered sequence.,arranged,,A2,24,General,Very Common,,
1433,ordinary,The expected or commonplace condition or situation.,Noun,Not out of the ordinary.,condition,,B2,67,Personal Development,Common,,
1434,organic,Relating or belonging to the class of chemical compounds having a carbon basis.,Adjective,Hydrocarbons are organic compounds.,constituent,constitutional,B2,56,General,Common,,
1435,organisation,The persons (or committees or departments etc.) who make up a body for the purpose of administering something.,Noun,He claims that the present administration is corrupt.,administration,governance,B2,58,Society & Culture,Common,organise,
1436,organised,Being a member of or formed into a labor union.,Adjective,Organized labor.,organized,unionized,C2,97,General,Rare,,
1437,organized,Methodical and efficient in arrangement or function.,Adjective,How well organized she is.,organised,unionized,B1,41,General,Common,,
1438,oriented,Adjusted or located in relation to surroundings or circumstances; sometimes used in combination.,Adjective,The house had its large windows oriented toward the ocean view.,orientated,,C2,92,General,Rare,,
1439,original,Something that serves as a model or a basis for making copies.,Noun,This painting is a copy of the original.,archetype,pilot,A1,9,Academic,Very Common,,
1440,originally,Before now.,Adverb,Why didn't you tell me in the first place?,in the first place,earlier,A2,27,General,Very Common,,
1441,otherwise,Other than as supposed or expected.,Adjective,The outcome was otherwise.,other,,A2,31,General,Very Common,,
1442,outcome,Something that results.,Noun,He listened for the results on the radio.,result,resultant,B2,59,Society & Culture,Common,,
1443,outdoor,"Located, suited for, or taking place in the open air.",Adjective,Outdoor clothes.,out-of-door,outside,C1,75,General,Less Common,,
1444,outside,Relating to or being on or near the outer side or limit.,Adjective,An outside margin.,away,,A1,7,General,Very Common,,
1445,outstanding,Distinguished from others in excellence.,Adjective,Did outstanding work in human relations.,prominent,salient,B1,41,General,Common,,
1446,overall,Involving only main features.,Adjective,The overall pattern of his life.,general,,A2,31,General,Very Common,,
1447,overcome,Win a victory over.,Verb,You must overcome all difficulties.,get the better of,defeat,B2,66,Business,Common,overcomer,
1448,overnight,"Lasting, open, or operating through the whole night.",Adjective,An overnight trip.,nightlong,all-night,C1,79,General,Less Common,,
1449,overview,A general summary of a subject.,Noun,The treasurer gave a brief overview of the financial consequences.,summary,,C2,94,Communication,Rare,,
1450,overwhelming,So strong as to be irresistible.,Adjective,The temptation to despair may become overwhelming.,overpowering,,C2,97,General,Rare,,
1451,pacific,Relating to or bordering the Pacific Ocean.,Adjective,Pacific islands.,peaceable,,B1,35,Academic,Common,,
1452,package,(computer science) written programs or procedures or rules and associated documentation pertaining to the operation of a computer system and that are stored in read/write memory.,Noun,The market for software is expected to expand.,software,software program,B1,44,Communication,Common,,
1453,painful,Causing physical or psychological pain.,Adjective,Worked with painful slowness.,afflictive,sore,B2,62,General,Common,painfulness,
1454,painted,Coated with paint.,Adjective,Freshly painted lawn furniture.,motley,calico,B2,59,General,Common,,
1455,painting,Graphic art consisting of an artistic composition made by applying paints to a surface.,Noun,A small painting by Picasso.,picture,,B1,47,General,Common,paint,
1456,palestinian,Of or relating to the area of Palestine and its inhabitants.,Adjective,Palestinian guerrillas.,Levantine,,C2,94,Academic,Rare,Palestine,
1457,parallel,(mathematics) one of a set of parallel geometric figures (parallel lines or planes).,Noun,Parallels never meet.,latitude,,B2,66,Arts & Creativity,Common,,
1458,parking,Space in which vehicles can be parked.,Noun,There is plenty of parking behind the store.,way,,B1,43,Academic,Common,park,
1459,parliamentary,Relating to or having the nature of a parliament.,Adjective,Parliamentary reform.,democratic,,C1,81,Academic,Less Common,parliament,
1460,partial,Being or affecting only a part; not total.,Adjective,A partial description of the suspect.,fond,,C1,82,General,Less Common,"part, partialness",
1461,partially,In part; in some degree; not wholly.,Adverb,He was partially paralyzed.,partly,part,C1,79,General,Less Common,,
1462,participate,Become a participant; be involved in.,Verb,Enter a race.,enter,,B2,67,Business,Common,"participatory, participation, participant",
1463,participating,Taking part in an activity.,Adjective,The participating organizations.,active,,C1,79,General,Less Common,,
1464,particular,A fact about some part (as opposed to general).,Noun,He always reasons from the particular to the general.,specific,,A1,13,Academic,Very Common,,
1465,particularly,To a distinctly greater extent or degree than is common.,Adverb,He was particularly fussy about spelling.,peculiarly,especially,A2,29,General,Very Common,,
1466,partner,An associate in an activity or endeavor or sphere of common interest.,Noun,Sexual partners.,collaborator,cooperator,A2,21,Society & Culture,Very Common,partnership,
1467,partnership,A cooperative relationship between people or groups who agree to share responsibility for achieving some specific goal.,Noun,"Effective language learning is a partnership between school, teacher and student.",relationship,,B1,42,Academic,Common,,
1468,passage,A journey usually by ship.,Noun,The outward passage took 10 days.,transit,,B2,66,General,Common,,
1469,passing,(American football) a play that involves one player throwing the ball to a teammate.,Noun,The coach sent in a passing play on third and long.,pass,passing play,B1,45,General,Common,pass,
1470,passion,Any object of warm affection or devotion.,Noun,He has a passion for cock fighting.,love,,B1,46,Academic,Common,,
1471,pathetic,Deserving or inciting pity.,Adjective,The shabby room struck her as extraordinarily pathetic.,hapless,miserable,C2,94,General,Rare,pathos,
1472,patient,A person who requires medical care.,Noun,The number of emergency patients has grown rapidly.,sufferer,,A2,23,Society & Culture,Very Common,,
1473,pattern,A perceptual structure.,Noun,A visual pattern must include not only objects but the spaces between them.,form,shape,B1,37,Academic,Common,,
1474,peaceful,Not disturbed by strife or turmoil or war.,Adjective,A peaceful nation.,peaceable,,B2,65,General,Common,,
1475,penalty,The disadvantage or painful consequences of an action or condition.,Noun,Neglected his health and paid the penalty.,punishment,penalization,B1,45,Personal Development,Common,,
1476,peoples,The human beings of a particular nation or community or ethnic group.,Noun,The indigenous peoples of Australia.,people,,B2,55,Society & Culture,Common,,
1477,perceived,Detected by instinct or inference rather than by recognized perceptual cues.,Adjective,A perceived threat.,sensed,,C1,83,General,Less Common,,
1478,percentage,Assets belonging to or due to or contributed by an individual person or group.,Noun,He wanted his share in cash.,share,portion,B1,42,Business,Common,,
1479,perception,A way of conceiving something.,Noun,Luther had a new perception of the Bible.,percept,,C1,81,Academic,Less Common,,
1480,perfect,Make perfect or complete.,Verb,Perfect your French in Paris!,hone,,A1,8,Science & Technology,Very Common,"perfectible, perfection, perfecter",
1481,perfectly,Completely and without qualification; used informally as intensifiers.,Adverb,A perfectly idiotic idea.,absolutely,utterly,B1,46,General,Common,,
1482,perform,Perform a function.,Verb,Who will perform the wedding?,execute,do,B1,44,Society & Culture,Common,,
1483,perhaps,By chance.,Adverb,Perhaps she will call tomorrow.,possibly,perchance,A1,10,General,Very Common,,
1484,permanent,Continuing or enduring without marked change in status or condition or place.,Adjective,Permanent secretary to the president.,lasting,,B1,37,General,Common,"permanency, permanence",
1485,permanently,For a long time without essential change.,Adverb,He is permanently disabled.,for good,,C2,97,General,Rare,,
1486,permission,Approval to do something.,Noun,He asked permission to leave.,license,permit,B1,41,Communication,Common,,
1487,personal,Concerning or affecting a particular person or his or her private life and personality.,Adjective,A personal favor.,individualized,individualised,A1,8,General,Very Common,,
1488,personally,As yourself.,Adverb,"Speaking personally, I would not want to go.",individually,,B1,37,General,Common,,
1489,personnel,Group of people willing to obey orders.,Noun,A public force is necessary to give security to the rights of citizens.,force,,B1,38,Society & Culture,Common,,
1490,philosophy,Any personal belief about how to live or how to deal with a situation.,Noun,Self-indulgence was his only philosophy.,doctrine,ism,B1,42,Academic,Common,"philosophical, philosopher",
1491,physically,In accord with physical laws.,Adverb,It is physically impossible.,bodily,,B2,63,General,Common,,
1492,physician,A licensed medical practitioner.,Noun,I felt so bad I went to see my doctor.,doctor,doc,C1,81,Society & Culture,Less Common,,
1493,physics,The science of matter and energy and their interactions.,Noun,His favorite subject was physics.,natural philosophy,,B2,57,Academic,Common,"physical, physicist",
1494,picking,The quantity of a crop that is harvested.,Noun,He sent the first picking of berries to the market.,pick,,B2,66,Academic,Common,,
1495,picture,A visual representation (of an object or scene or person or abstraction) produced on a surface.,Noun,They showed us the pictures of their wedding.,image,icon,A1,9,General,Very Common,"pictural, depict",
1496,planned,Designed or carried out according to a plan.,Adjective,The planned outlays for new equipment.,aforethought,plotted,A2,27,General,Very Common,,
1497,planning,An act of formulating a program for a definite course of action.,Noun,The planning was more fun than the trip itself.,preparation,provision,A2,31,General,Very Common,plan,
1498,plastic,A card (usually plastic) that assures a seller that the person using it has a satisfactory credit rating and that the issuer will see to it that the seller receives payment for the merchandise delivered.,Noun,Do you take plastic?,credit card,charge card,B1,41,Business,Common,,
1499,platform,A raised horizontal surface.,Noun,The speaker mounted the platform.,program,,A2,28,General,Very Common,,
1500,pleasant,Affording pleasure; being in harmony with your taste or likings.,Adjective,We had a pleasant evening together.,grateful,,C1,76,General,Less Common,"pleasance, pleasantness, please",
1501,pleased,Feeling pleasurable satisfaction over something by which you measures your self-worth.,Adjective,Proud of their child.,proud of,,B2,66,General,Common,,
1502,pleasure,A fundamental feeling that is hard to define but that people desire to experience.,Noun,He was tingling with pleasure.,pleasance,,B1,37,Emotion,Common,please,
1503,pointed,Direct and obvious in meaning or reference; often unpleasant.,Adjective,A pointed critique.,direct,,B1,44,General,Common,pointedness,
1504,political,Involving or characteristic of politics or parties or politicians.,Adjective,Calling a meeting is a political act in itself.,governmental,,A1,7,General,Very Common,,
1505,politics,Social relations involving intrigue to gain authority or power.,Noun,Office politics is often counterproductive.,political relation,,A2,32,Academic,Very Common,politician,
1506,popular,"Regarded with great favor, approval, or affection especially by the general public.",Adjective,A popular tourist attraction.,pop,,A1,11,General,Very Common,popularity,
1507,popularity,The quality of being widely admired or accepted or sought after.,Noun,His charm soon won him affection and popularity.,quality,,C1,74,Personal Development,Less Common,popular,
1508,portfolio,"A large, flat, thin case for carrying loose papers or drawings or maps; usually leather.",Noun,He remembered her because she was carrying a large portfolio.,set,,C1,72,General,Less Common,,
1509,portion,Something determined in relation to something that includes it.,Noun,I read a portion of the manuscript.,part,component part,B1,39,Academic,Common,,
1510,portrait,"Any likeness of a person, in any medium.",Noun,The photographer made excellent portraits.,portrayal,,C1,76,General,Less Common,,
1511,position,The relative position or standing of things or especially persons in a society.,Noun,Atheists do not enjoy a favorable position in American life.,status,,A1,8,Personal Development,Very Common,,
1512,possession,(sport) the act of controlling the ball (or puck).,Noun,They took possession of the ball on their own goal line.,ownership,,B2,57,General,Common,,
1513,possibility,Capability of existing or happening or being true.,Noun,There is a possibility that his sense of smell has been impaired.,possibleness,,B1,36,Personal Development,Common,possible,
1514,possible,Something that can be done.,Noun,Politics is the art of the possible.,possibility,opening,A1,7,Academic,Very Common,,
1515,possibly,By chance.,Adverb,We may possibly run into them at the concert.,perchance,perhaps,A2,23,General,Very Common,,
1516,posting,(bookkeeping) a listing on the company's records.,Noun,The posting was made in the cash account.,poster,placard,B2,57,Communication,Common,,
1517,potential,Existing in possibility.,Adjective,A potential problem.,possible,,A1,12,General,Very Common,potency,
1518,potentially,With a possibility of becoming actual.,Adverb,He is potentially dangerous.,possibly,,B2,57,General,Common,,
1519,powered,(often used in combination) having or using or propelled by means of power or power of a specified kind.,Adjective,Powered flight.,supercharged,,C1,73,General,Less Common,,
1520,powerful,Having great power or force or potency or effect.,Adjective,The most powerful government in western Europe.,potent,,A2,21,General,Very Common,powerfulness,
1521,practically,Almost; nearly.,Adverb,Practically the first thing I saw when I got off the train.,much,,C1,79,General,Less Common,,
1522,practice,A customary way of operation or behavior.,Noun,It is their practice to give annual raises.,pattern,,A1,11,General,Very Common,practical,
1523,precious,Characterized by feeling or showing fond affection for.,Adjective,Children are precious.,cherished,treasured,B2,61,General,Common,preciousness,
1524,precise,Sharply exact or accurate or delimited.,Adjective,A precise mind.,accurate,exact,C2,91,General,Rare,preciseness,
1525,precisely,Indicating exactness or preciseness.,Adverb,He was doing precisely (or exactly) what she had told him to do.,exactly,just,C1,78,General,Less Common,,
1526,predict,Make a prediction about; tell in advance.,Verb,Call the outcome of an election.,foretell,prognosticate,C2,97,Communication,Rare,"predictive, prediction, predictor",
1527,preference,A strong liking.,Noun,My own preference is for good literature.,penchant,predilection,C2,94,Emotion,Rare,prefer,
1528,preferred,More desirable than another.,Adjective,Danny's preferred name is `Dan'.,preferable,,B2,59,General,Common,,
1529,pregnant,Filled with or attended with.,Adjective,A silence pregnant with suspense.,fraught,,B1,38,General,Common,,
1530,preliminary,Something that serves as a preceding event or introduces what follows.,Noun,Training is a necessary preliminary to employment.,overture,prelude,C1,83,Society & Culture,Less Common,,
1531,premier,Be performed for the first time.,Verb,We premiered the opera of the young composer and it was a critical success.,premiere,,B1,38,Arts & Creativity,Common,,
1532,premiere,Be performed for the first time.,Verb,We premiered the opera of the young composer and it was a critical success.,premier,,C1,83,Arts & Creativity,Less Common,,
1533,premium,The amount that something in scarce supply is valued above its nominal value.,Noun,They paid a premium for access to water.,agio,agiotage,B2,61,Business,Common,,
1534,prepare,"Make ready or suitable or equip in advance for a particular purpose or for some use, event, etc.",Verb,Prepare for war.,fix,set up,B1,38,Science & Technology,Common,"preparative, preparatory, preparation",
1535,prepared,Made ready or fit or suitable beforehand.,Adjective,A prepared statement.,disposed,fain,A2,25,General,Very Common,preparedness,
1536,presence,The state of being present; current existence.,Noun,He tested for the presence of radon.,front,,A2,25,Personal Development,Very Common,present,
1537,present,The period of time that is happening now; any continuous stretch of time including the moment of speech.,Noun,That is enough for the present.,nowadays,,A1,8,General,Very Common,,
1538,preserve,A domain that seems to be specially reserved for someone.,Noun,Medicine is no longer a male preserve.,conserve,conserves,C1,79,Personal Development,Less Common,,
1539,presidency,The office and function of president.,Noun,Andrew Jackson expanded the power of the presidency beyond what was customary before his time.,presidentship,,C1,84,General,Less Common,"presidential, President",
1540,president,The person who holds the office of head of state of the United States government.,Noun,The President likes to jog every morning.,President of the United States,United States President,A1,6,Society & Culture,Very Common,"presidential, presidentship, presidency, preside",
1541,presidential,Relating to a president or presidency.,Adjective,Presidential aides.,statesmanlike,statesmanly,B1,40,Academic,Common,"President, presidency",
1542,pressing,The act of pressing; the exertion of pressure.,Noun,At the pressing of a button.,press,pressure,C2,97,General,Rare,press,
1543,pressure,The force applied to a unit area of surface; measured in pascals (SI unit) or in dynes (cgs unit).,Noun,The compressed gas exerts an increased pressure.,pressure level,force per unit area,A1,12,Science & Technology,Very Common,"press, pressurize, pressurise",
1544,pretend,The enactment of a pretense.,Noun,It was just pretend.,make-believe,,B2,61,General,Common,,
1545,prevent,Stop (someone or something) from doing something or being in a certain state.,Verb,We must prevent the cancer from spreading.,keep,,A2,23,Society & Culture,Very Common,"preventive, preventative, prevention",
1546,previous,Just preceding something else in time or order.,Adjective,The previous owner.,old,,A1,13,General,Very Common,,
1547,previously,At an earlier time or formerly.,Adverb,She had previously lived in Chicago.,antecedently,,A2,21,General,Very Common,,
1548,primarily,Of primary import.,Adverb,This is primarily a question of economics.,in the first place,,B1,43,General,Common,,
1549,primary,Coil forming the part of an electrical circuit such that changing current in it induces a current in a neighboring circuit.,Noun,Current through the primary coil induces current in the secondary coil.,primary coil,primary winding,A2,31,General,Very Common,,
1550,principal,The educator who has executive authority for a school.,Noun,She sent unruly pupils to see the principal.,school principal,head teacher,B1,40,Society & Culture,Common,principalship,
1551,principle,A basic generalization that is accepted as true and that can be used as a basis for reasoning or conduct.,Noun,Their principles of composition characterized all their works.,rule,,B2,60,Academic,Common,,
1552,printing,All the copies of a work printed at one time.,Noun,They ran off an initial printing of 2000 copies.,impression,,B2,65,Communication,Common,,
1553,priority,Status established in order of importance or urgency.,Noun,National independence takes priority over class struggle.,precedence,precedency,B2,55,Personal Development,Common,prioritize,
1554,private,An enlisted man of the lowest rank in the Army or Marines.,Noun,Our prisoner was just a private and knew nothing of value.,buck private,common soldier,A1,8,Society & Culture,Very Common,,
1555,privilege,A right reserved exclusively by a particular person or group (especially a hereditary or official right).,Noun,Suffrage was the prerogative of white adult males.,prerogative,perquisite,C1,78,Personal Development,Less Common,,
1556,probably,With considerable certainty; without much doubt.,Adverb,He is probably out of the country.,likely,in all likelihood,A1,6,General,Very Common,,
1557,problem,A state of difficulty that needs to be resolved.,Noun,She and her husband are having problems.,job,,A1,6,Personal Development,Very Common,"problematical, problematic",
1558,procedure,A particular course of action intended to achieve a result.,Noun,The procedure of obtaining a driver's license.,process,,B2,66,General,Common,"procedural, proceed",
1559,proceed,Move ahead; travel onward in time or space.,Verb,We proceeded towards Washington.,go forward,continue,C1,81,Travel & Places,Less Common,procession,
1560,process,A particular course of action intended to achieve a result.,Noun,It was a process of trial and error.,procedure,,A1,7,General,Very Common,,
1561,processing,Preparing or putting through a prescribed procedure.,Noun,The processing of newly arrived immigrants.,process,,B1,44,Science & Technology,Common,process,
1562,produce,Bring forth or yield.,Verb,The tree would not produce fruit.,bring forth,,A2,23,Arts & Creativity,Very Common,producer,
1563,producer,Something that produces.,Noun,Maine is a leading producer of potatoes.,manufacturer,,B2,66,Society & Culture,Common,produce,
1564,product,Commodities offered for sale.,Noun,That store offers a variety of products.,merchandise,ware,A2,29,General,Very Common,produce,
1565,production,The act or process of producing something.,Noun,Shakespeare's production of poetry was enormous.,product,,A1,9,General,Very Common,produce,
1566,productive,Producing or capable of producing (especially abundantly).,Adjective,Productive farmland.,generative,,C1,76,General,Less Common,"productiveness, productivity",
1567,profession,The body of people in a learned occupation.,Noun,The news spread rapidly through the medical profession.,professing,,C2,91,Society & Culture,Rare,,
1568,profile,An analysis (often in graphical form) representing the extent to which something exhibits various characteristics.,Noun,A biochemical profile of blood.,visibility,,A2,22,Communication,Very Common,,
1569,program,A system of projects or services intended to meet a public need.,Noun,He proposed an elaborate program of public works.,programme,,A1,7,Academic,Very Common,,
1570,programme,An announcement of the events that will occur as part of a theatrical or sporting event.,Noun,You can't tell the players without a program.,program,,B1,37,Communication,Common,,
1571,progress,Gradual improvement or growth or development.,Noun,Great progress in the arts.,advancement,,A2,23,General,Very Common,,
1572,progressive,Favoring or promoting progress.,Adjective,Progressive schools.,reformist,,B2,60,General,Common,progressiveness,
1573,project,Communicate vividly.,Verb,He projected his feelings.,protrude,jut,A1,8,Communication,Very Common,,
1574,prominent,Having a quality that thrusts itself into attention.,Adjective,A new theory is the most prominent feature of the book.,outstanding,salient,B2,61,General,Common,,
1575,promise,Grounds for feeling hopeful about the future.,Noun,There is little or no promise that he will recover.,hope,,A2,26,Academic,Very Common,,
1576,promising,Showing possibility of achievement or excellence.,Adjective,A promising young man.,bright,hopeful,C2,94,General,Rare,,
1577,promote,Give a promotion to or assign to a higher position.,Verb,I got promoted after many years of hard work.,upgrade,advance,B1,38,Society & Culture,Common,promotion,
1578,properly,In the right manner.,Adverb,Please do your job properly!,decently,decent,B1,44,General,Common,,
1579,property,Something owned; any tangible or intangible possession that is owned by someone.,Noun,That hat is my property.,belongings,holding,A1,9,Business,Very Common,,
1580,proportion,Magnitude or extent.,Noun,A building of vast proportions.,dimension,,C2,94,Personal Development,Rare,,
1581,prospect,The possibility of future success.,Noun,His prospects as a writer are excellent.,chance,,C2,91,Personal Development,Rare,,
1582,protect,"Shield from danger, injury, destruction, or damage.",Verb,Weatherbeater protects your roof from the rain.,defend,,A2,30,Business,Very Common,"protective, protection, protector",
1583,protected,Kept safe or defended from danger or injury or loss.,Adjective,The most protected spot I could find.,saved,,B1,41,General,Common,,
1584,protecting,Shielding (or designed to shield) against harm or discomfort.,Adjective,The protecting blanket of snow.,protective,,B2,63,General,Common,,
1585,protective,Intended or adapted to afford protection of some kind.,Adjective,A protective covering.,contraceptive,prophylactic,C2,91,General,Rare,"protectiveness, protect",
1586,protein,Any of a large group of nitrogenous organic compounds that are essential constituents of living cells; consist of polymers of amino acids; essential in the diet of animals for growth and for repair of tissues; can be obtained from meat and eggs and milk and legumes.,Noun,A diet high in protein.,macromolecule,supermolecule,B1,39,Science & Technology,Common,proteinaceous,
1587,protest,A formal and solemn declaration of objection.,Noun,They finished the game under protest to the league president.,protestation,,B1,45,Communication,Common,,
1588,protocol,Code of correct conduct.,Noun,Safety protocols.,rule,prescript,C1,72,Academic,Less Common,,
1589,provide,Give something useful or necessary to.,Verb,We provided the room with an electrical heater.,supply,render,A1,9,Business,Very Common,"provision, provider",
1590,province,The proper sphere or extent of your activities.,Noun,It was his province to take care of himself.,responsibility,,B1,43,Personal Development,Common,,
1591,provincial,(Roman Catholic Church) an official in charge of an ecclesiastical province acting under the superior general of a religious order.,Noun,The general of the Jesuits receives monthly reports from the provincials.,peasant,bucolic,C2,97,Society & Culture,Rare,,
1592,provision,A stipulated condition.,Noun,He accepted subject to one provision.,proviso,,C2,90,Communication,Rare,"provisionary, provide",
1593,publicly,In a manner accessible to or observable by the public; openly.,Adverb,She admitted publicly to being a communist.,publically,in public,B2,65,General,Common,,
1594,publish,Put into print.,Verb,The newspaper published the news of the royal couple's divorce.,print,,C2,95,Arts & Creativity,Rare,"publication, publisher",
1595,published,Prepared and printed for distribution and sale.,Adjective,The complete published works Dickens.,promulgated,,A1,11,General,Very Common,,
1596,pulling,The act of pulling; applying force to move something toward or with you.,Noun,His strenuous pulling strained his back.,pull,,B2,59,General,Common,pull,
1597,purchase,The acquisition of something for payment.,Noun,They closed the purchase with a handshake.,leverage,,A2,26,General,Very Common,,
1598,purpose,The quality of being determined to do or achieve something; firmness of purpose.,Noun,He is a man of purpose.,determination,,A2,31,Personal Development,Very Common,,
1599,pursuit,The act of pursuing in an effort to overtake or capture.,Noun,The culprit started to run and the cop took off in pursuit.,chase,pursual,C2,92,General,Rare,pursue,
1600,pushing,The act of applying force in order to move something away.,Noun,The pushing is good exercise.,push,,B2,66,General,Common,push,
1601,putting,Hitting a golf ball that is on the green using a putter.,Noun,His putting let him down today; he didn't sink a single putt over three feet.,putt,,A2,20,General,Very Common,putt,
1602,qualified,Meeting the proper standards and requirements and training for an office or position or task.,Adjective,Many qualified applicants for the job.,certified,,B1,44,General,Common,,
1603,qualify,Make more specific.,Verb,Qualify these remarks.,restrict,,C1,79,Science & Technology,Less Common,"qualification, quality",
1604,quality,An essential and distinguishing attribute of something or someone.,Noun,The quality of mercy is not strained.,caliber,calibre,A1,9,Personal Development,Very Common,qualify,
1605,quantity,An adequate or large amount.,Noun,He had a quantity of ammunition.,measure,amount,C2,99,Personal Development,Rare,,
1606,quarter,One of four equal parts.,Noun,A quarter of a pound.,one-fourth,fourth,A2,26,Academic,Very Common,,
1607,quarters,Housing available for people to live in.,Noun,He found quarters for his family.,living quarters,,C1,75,General,Less Common,quarter,
1608,question,An instance of questioning.,Noun,There was a question about my training.,inquiry,enquiry,A1,7,Communication,Very Common,,
1609,quickly,With rapid movements.,Adverb,He works quickly.,rapidly,speedily,A1,13,General,Very Common,,
1610,quietly,With low volume.,Adverb,She spoke quietly to the child.,softly,,C1,73,General,Less Common,,
1611,radiation,"Syndrome resulting from exposure to ionizing radiation (e.g., exposure to radioactive chemicals or to nuclear explosions); low doses cause diarrhea and nausea and vomiting and sometimes loss of hair; greater exposure can cause sterility and cataracts and some forms of cancer and other diseases; severe exposure can cause death within hours.",Noun,He was suffering from radiation.,radiation sickness,radiation syndrome,B2,66,Personal Development,Common,,
1612,radical,An atom or group of atoms with at least one unpaired electron; in the body it is usually an oxygen molecule that has lost an electron and will stabilize itself by stealing an electron from a nearby molecule.,Noun,In the body free radicals are high-energy particles that ricochet wildly and damage cells.,free radical,,B2,61,Science & Technology,Common,,
1613,railroad,A line of track providing a runway for wheels.,Noun,He walked along the railroad track.,railroad track,railway,B2,62,General,Common,,
1614,railway,A line of track providing a runway for wheels.,Noun,He walked along the railroad track.,railroad track,railroad,B1,44,General,Common,,
1615,rainbow,An illusory hope.,Noun,Chasing rainbows.,promise,hope,C2,99,Academic,Rare,,
1616,raising,The event of something being raised upward.,Noun,A raising of the land resulting from volcanic activity.,elevation,lift,B2,66,Society & Culture,Common,raise,
1617,ranging,Wandering freely.,Adjective,At night in bed...his slowly ranging thoughts...encountered her.,roaming,,C1,79,General,Less Common,,
1618,ranking,Having a higher rank.,Adjective,Superior officer.,superior,higher-ranking,C1,79,General,Less Common,,
1619,rapidly,With rapid movements.,Adverb,He works quickly.,quickly,speedily,B2,60,General,Common,,
1620,reading,The cognitive process of understanding a written linguistic message.,Noun,His main reading was detective stories.,indication,,A1,9,Academic,Very Common,read,
1621,realise,Earn on some commercial or business transaction; earn as salary or wages.,Verb,How much do you make a month in your new job?,gain,take in,B2,55,Business,Common,,
1622,realised,Successfully completed or brought to an end.,Adjective,His mission accomplished he took a vacation.,accomplished,completed,C2,97,General,Rare,,
1623,realistic,Aware or expressing awareness of things as they really are.,Adjective,A realistic description.,naturalistic,,C1,84,General,Less Common,realist,
1624,reality,All of your experiences that determine how things appear to you.,Noun,For them demons were as much a part of reality as trees were.,world,,A2,31,Academic,Very Common,,
1625,realize,Perceive (an idea or situation) mentally.,Verb,Does she realize how important this decision is?,understand,realise,A2,21,Academic,Very Common,realization,
1626,realized,Successfully completed or brought to an end.,Adjective,The joy of a realized ambition overcame him.,accomplished,completed,B1,36,General,Common,,
1627,receive,Get something; come into possession of.,Verb,Receive payment.,have,,A2,21,Business,Very Common,"reception, receiver, recipient",
1628,received,Conforming to the established language usage of educated native speakers;  (American);  (British).,Adjective,Received standard English is sometimes called the King's English.,standard,,A1,9,General,Very Common,,
1629,recently,In the recent past.,Adverb,He was in Paris recently.,late,lately,A1,12,General,Very Common,,
1630,reception,The manner in which something is greeted.,Noun,She did not expect the cold reception she received from her superiors.,response,,C1,75,Communication,Less Common,receptionist,
1631,recognised,Provided with a secure reputation.,Adjective,A recognized authority.,recognized,,C2,99,General,Rare,,
1632,recognize,Accept (someone) to be what is claimed or accept his power and authority.,Verb,We do not recognize your gods.,acknowledge,recognise,B1,40,Academic,Common,,
1633,recognized,Generally approved or compelling recognition.,Adjective,His recognized superiority in this kind of work.,accepted,recognised,B1,40,General,Common,,
1634,recommend,Push for something.,Verb,The travel agent recommended strongly that we not travel on Thanksgiving Day.,urge,advocate,B1,46,Communication,Common,recommendation,
1635,recorded,Set down or registered in a permanent form especially on film or tape for reproduction.,Adjective,Recorded music.,prerecorded,,B1,44,General,Common,,
1636,recording,The act of making a record (especially an audio record).,Noun,She watched the recording from a sound-proof booth.,transcription,,B1,41,General,Common,record,
1637,recover,Regain a former condition after a financial loss.,Verb,We expect the stocks to recover to $2.90.,go back,recuperate,B2,64,Science & Technology,Common,recovery,
1638,recovered,Freed from illness or injury.,Adjective,Appears to be entirely recovered.,cured,healed,C1,73,General,Less Common,,
1639,reducing,Loss of excess weight (as by dieting); becoming slimmer.,Noun,A doctor supervised her reducing.,reduction,,B2,58,Science & Technology,Common,reduce,
1640,reference,A remark that calls attention to something or someone.,Noun,The speaker made several references to his wife.,mention,,A2,25,Communication,Very Common,refer,
1641,reflect,Manifest or bring back.,Verb,This action reflects his true beliefs.,reverberate,,B2,57,General,Common,,
1642,reflected,(especially of incident sound or light) bent or sent back.,Adjective,Reflected light.,echoic,echolike,C2,92,General,Rare,,
1643,reflection,Expression without words.,Noun,The pulse is a reflection of the heart's condition.,expression,manifestation,C1,82,Communication,Less Common,,
1644,regardless,(usually followed by `of') without due thought or consideration.,Adjective,Crushing the blooms with regardless tread.,careless,,B1,43,General,Common,,
1645,register,Enroll to vote.,Verb,Register for an election.,file,,B1,36,Society & Culture,Common,,
1646,registered,(of animals) officially recorded with or certified by a recognized breed association; especially in a stud book.,Adjective,A registered Percheron.,certified,qualified,B1,40,General,Common,,
1647,regular,A dependable follower (especially in party politics).,Noun,He is one of the party regulars.,habitue,fixture,A2,29,Society & Culture,Very Common,,
1648,regularly,In a regular manner.,Adverb,Letters arrived regularly from his children.,on a regular basis,,B1,40,General,Common,,
1649,regulation,A principle or condition that customarily governs behavior.,Noun,Short haircuts were the regulation.,rule,,B2,57,Academic,Common,regulate,
1650,regulatory,Restricting according to rules or principles.,Adjective,A regulatory gene.,regulative,,C1,75,General,Less Common,regulate,
1651,rejected,Rebuffed (by a lover) without warning.,Adjective,Jilted at the altar.,jilted,spurned,B2,58,General,Common,,
1652,related,Being connected either logically or causally or by shared characteristics.,Adjective,Painting and the related arts.,related to,,A1,10,General,Very Common,relatedness,
1653,relation,A person related by blood or marriage.,Noun,He has distant relations back in New Jersey.,relative,,B2,63,Society & Culture,Common,relationship,
1654,relative,A person related by blood or marriage.,Noun,Police are searching for relatives of the deceased.,relation,,B1,43,Society & Culture,Common,,
1655,relatively,In a relative manner; by comparison to something else.,Adverb,The situation is relatively calm now.,comparatively,,B1,44,General,Common,,
1656,release,Merchandise issued for sale or public showing (especially a record or film).,Noun,A new release from the London Symphony Orchestra.,liberation,freeing,A1,10,General,Very Common,,
1657,relevant,Having a bearing on or connection with the subject at issue.,Adjective,The scientist corresponds with colleagues in order to learn about matters relevant to her own research.,germane,,B1,47,General,Common,"relevance, relevancy",
1658,religion,An institution to express belief in a divine power.,Noun,He was raised in the Baptist religion.,faith,organized religion,A2,25,Society & Culture,Very Common,"religious, religionist",
1659,religious,Concerned with sacred matters or religion or the church.,Adjective,Religious texts.,spiritual,,A2,21,General,Very Common,"religiousness, religion, religiosity",
1660,remaining,Not used up.,Adjective,Saved the remaining sandwiches for supper.,leftover,left over,B1,45,General,Common,,
1661,remains,Any object that is left unused or still extant.,Noun,I threw out the remains of my dinner.,cadaver,corpse,A2,22,General,Very Common,,
1662,remarkable,Unusual or striking.,Adjective,A remarkable sight.,singular,,B2,64,General,Common,,
1663,reminder,A message that helps you remember something.,Noun,He ignored his wife's reminders.,admonisher,monitor,C2,92,Communication,Rare,remind,
1664,removal,The act of removing.,Noun,He had surgery for the removal of a malignancy.,remotion,,B2,59,General,Common,remove,
1665,removed,Separated in relationship by a given degree of descent.,Adjective,A cousin once removed.,distant,remote,A2,23,General,Very Common,,
1666,repeated,Recurring again and again.,Adjective,Perennial efforts to stipulate the requirements.,perennial,recurrent,B2,65,General,Common,,
1667,repeatedly,Several time.,Adverb,It must be washed repeatedly.,frequently,,C1,77,General,Less Common,,
1668,replace,Substitute a person or thing for (another that is broken or inefficient or lost or no longer working or yielding what is expected).,Verb,He replaced the old razor blade.,supplant,supersede,B1,36,Science & Technology,Common,"replacement, replacing",
1669,replacement,An event in which one thing is substituted for another.,Noun,The replacement of lost blood by a transfusion of donor blood.,substitution,permutation,B2,66,Society & Culture,Common,replace,
1670,replacing,The act of furnishing an equivalent person or thing in the place of another.,Noun,Replacing the star will not be easy.,replacement,,C1,73,General,Less Common,replace,
1671,reported,Made known or told about; especially presented in a formal account.,Adjective,His reported opinion.,reportable,,A1,13,General,Very Common,,
1672,reportedly,According to reports or other information.,Adverb,She was reportedly his mistress for many years.,supposedly,,C2,91,General,Rare,,
1673,reporting,The news as presented by reporters for newspapers or radio or television.,Noun,They accused the paper of biased coverage of race relations.,coverage,reportage,B1,39,Communication,Common,report,
1674,represent,Be representative or typical for.,Verb,This period is represented by Beethoven.,correspond,,B1,36,Society & Culture,Common,representative,
1675,representation,A body of legislators that serve in behalf of some constituency.,Noun,A Congressional vacancy occurred in the representation from California.,delegacy,agency,B2,60,Society & Culture,Common,represent,
1676,representative,Serving to represent or typify.,Adjective,Representative moviegoers.,typical,,B1,37,General,Common,represent,
1677,republic,A form of government whose head of state is not a monarch.,Noun,The head of state in a republic is usually a president.,democracy,commonwealth,B1,47,Society & Culture,Common,,
1678,republican,Relating to or belonging to the Republican Party.,Adjective,A Republican senator.,democratic,,A2,27,Academic,Very Common,,
1679,request,Express the need or desire for; ask for.,Verb,She requested an extra bed in her room.,bespeak,call for,A2,24,Communication,Very Common,,
1680,requested,Asked for.,Adjective,The requested aid is forthcoming.,solicited,,B2,61,General,Common,,
1681,require,"Require as useful, just, or proper.",Verb,Success usually requires hard work.,necessitate,ask,A2,23,General,Very Common,requirement,
1682,required,Required by rule.,Adjective,Required reading.,compulsory,mandatory,A1,12,General,Very Common,,
1683,research,A search for knowledge.,Noun,Their pottery deserves more research than it has received.,inquiry,enquiry,A1,6,Academic,Very Common,,
1684,reserve,Obtain or arrange (for oneself) in advance.,Verb,We managed to reserve a table at Maxim's.,hold,book,B1,47,Communication,Common,reservation,
1685,reserved,Marked by self-restraint and reticence.,Adjective,"Was habitually reserved in speech, withholding her opinion.",indrawn,withdrawn,C1,81,General,Less Common,,
1686,residence,Any address at which you dwell more than temporarily.,Noun,A person can have several residences.,abode,,B2,58,Travel & Places,Common,,
1687,resident,A physician (especially an intern) who lives in a hospital and cares for hospitalized patients under the supervision of the medical staff of the hospital.,Noun,The resident was receiving special clinical training at the hospital.,house physician,resident physician,B2,57,Society & Culture,Common,,
1688,residential,Used or designed for residence or limited to residences.,Adjective,A residential hotel.,domestic,,B2,61,General,Common,,
1689,resolve,Reach a decision.,Verb,He resolved never to drink again.,purpose,,C1,82,Academic,Less Common,resolution,
1690,resolved,Determined.,Adjective,She was firmly resolved to be a doctor.,single-minded,,C2,95,General,Rare,,
1691,respect,(usually preceded by `in') a detail or point.,Noun,It differs in that respect.,regard,,A1,11,Academic,Very Common,,
1692,respected,Receiving deferential regard.,Adjective,A respected family.,well-thought-of,,C2,94,General,Rare,,
1693,respective,Considered individually.,Adjective,The respective club members.,several,various,C1,80,General,Less Common,,
1694,respectively,In the order given.,Adverb,"The brothers were called Felix and Max, respectively.",severally,,B1,45,General,Common,,
1695,respond,Respond favorably or as hoped.,Verb,The cancer responded to the aggressive therapy.,react,,B1,39,Academic,Common,responder,
1696,response,A result.,Noun,This situation developed in response to events in Africa.,reaction,,A1,11,Science & Technology,Very Common,,
1697,responsible,Worthy of or requiring responsibility or trust; or held accountable.,Adjective,A responsible adult.,creditworthy,,A2,31,General,Very Common,"responsibleness, responsibility",
1698,restore,Return to its original or usable and functioning condition.,Verb,Restore the forest to its original pristine condition.,reconstruct,,C1,81,Society & Culture,Less Common,"restoration, restorer",
1699,restricted,Subject to restriction or subjected to restriction.,Adjective,Of restricted importance.,qualified,,C1,80,General,Less Common,,
1700,retained,Continued in your keeping or use or memory.,Adjective,In...the retained pattern of dancers and guests remembered.,maintained,,C2,99,General,Rare,,
1701,retreat,(military) withdrawal of troops to a more favorable position to escape the enemy's superior forces or after a defeat.,Noun,The disorderly retreat of French troops.,retirement,,C2,92,General,Rare,,
1702,revenge,Take revenge for a perceived wrong.,Verb,He wants to avenge the murder of his brother.,avenge,retaliate,B2,65,Business,Common,,
1703,reverse,A relation of direct opposition.,Noun,We thought Sue was older than Bill but just the reverse was true.,contrary,opposite,B2,58,Academic,Common,,
1704,revised,Improved or brought up to date.,Adjective,A revised edition.,altered,,C2,90,General,Rare,,
1705,revolution,A drastic and far-reaching change in ways of thinking and behaving.,Noun,The industrial revolution was also a cultural revolution.,rotation,gyration,B1,38,Society & Culture,Common,"revolutionary, revolutionist, revolutionize, revolutionise",
1706,revolutionary,Markedly new or introducing radical change.,Adjective,A revolutionary discovery.,radical,,C1,82,General,Less Common,revolution,
1707,ridiculous,Incongruous;inviting ridicule.,Adjective,Her conceited assumption of universal interest in her rather dull children was ridiculous.,absurd,cockeyed,B1,44,General,Common,ridiculousness,
1708,rolling,The act of robbing a helpless person.,Noun,He was charged with rolling drunks in the park.,peal,pealing,B1,43,General,Common,,
1709,romance,Tell romantic or exaggerated lies.,Verb,This author romanced his trip to an exotic country.,woo,court,B2,62,Communication,Common,,
1710,rotation,The act of rotating as if on an axis.,Noun,The rotation of the dancer kept time with the music.,rotary motion,,C2,97,General,Rare,rotate,
1711,roughly,(of quantities) imprecise but fairly close to correct.,Adverb,"Roughly $3,000.",approximately,about,B2,58,General,Common,,
1712,running,(American football) a play in which a player attempts to carry the ball through or past the opposing team.,Noun,The coach put great emphasis on running.,run,running play,A1,8,General,Very Common,run,
1713,russian,Of or pertaining to or characteristic of Russia or its people or culture or language.,Adjective,Russian dancing.,Slavic,,A1,12,Academic,Very Common,Russia,
1714,sacrifice,A loss entailed by giving up or selling something at less than its value.,Noun,He had to sell his car at a considerable sacrifice.,forfeit,forfeiture,B2,64,Business,Common,,
1715,sandwich,Insert or squeeze tightly between two people or objects.,Verb,She was sandwiched in her airplane seat between two fat men.,insert,infix,C2,92,General,Rare,,
1716,satellite,Surrounding and dominated by a central authority or power.,Adjective,A city and its satellite communities.,outer,,B2,61,General,Common,,
1717,satisfaction,"The contentment one feels when one has fulfilled a desire, need, or expectation.",Noun,The chef tasted the sauce with great satisfaction.,gratification,,C1,84,Emotion,Less Common,,
1718,satisfied,Filled with satisfaction.,Adjective,A satisfied customer.,quenched,slaked,B2,65,General,Common,,
1719,scenario,A setting for a work of art or literature.,Noun,The scenario is France during the Reign of Terror.,setting,scene,C1,80,Travel & Places,Less Common,,
1720,schedule,Plan for an activity or event.,Verb,I've scheduled a concert next week.,plan,,A2,28,Academic,Very Common,scheduling,
1721,scheduled,Planned or scheduled for some certain time or times.,Adjective,The scheduled meeting.,regular,,B1,45,General,Common,,
1722,science,A particular branch of scientific knowledge.,Noun,The science of genetics.,scientific discipline,,A1,9,Academic,Very Common,scientist,
1723,scoring,Evaluation of performance by assigning a grade or score.,Noun,What he disliked about teaching was all the grading he had to do.,marking,grading,B2,59,General,Common,score,
1724,scottish,Of or relating to or characteristic of Scotland or its people or culture or its English dialect or Gaelic language.,Adjective,`Scottish' tends to be the more formal term as in `The Scottish Symphony' or `Scottish authors' or `Scottish mountains'.,Scots,Scotch,B1,47,Academic,Common,,
1725,scratch,(golf) a handicap of zero strokes.,Noun,A golfer who plays at scratch should be able to achieve par on a course.,abrasion,scrape,C1,84,Personal Development,Less Common,,
1726,screaming,Sharp piercing cry.,Noun,Her screaming attracted the neighbors.,scream,shriek,B2,60,Communication,Common,scream,
1727,screening,The act of concealing the existence of something by obstructing the view of it.,Noun,The cover concealed their guns from enemy aircraft.,cover,covering,C1,73,General,Less Common,screen,
1728,searching,Diligent and thorough in inquiry or investigation.,Adjective,A searching investigation of their past dealings.,inquisitory,probing,B2,59,General,Common,,
1729,secondary,Being of second rank or importance or value; not direct or immediate.,Adjective,The stone will be hauled to a secondary crusher.,lowly,petty,B1,39,General,Common,,
1730,section,A self-contained part of a larger composition (written or musical).,Noun,He always turns first to the business section.,subdivision,,A1,13,Communication,Very Common,,
1731,seeking,The act of searching for something.,Noun,A quest for diamonds.,quest,,B1,36,General,Common,seek,
1732,seemingly,From appearances alone.,Adverb,The child is seemingly healthy but the doctor is concerned.,apparently,ostensibly,C2,95,General,Rare,,
1733,segment,One of several parts or pieces that fit with others to constitute a whole object.,Noun,Finished the final segment of the road.,section,,B2,55,General,Common,,
1734,selfish,Concerned chiefly or only with yourself and your advantage to the exclusion of others.,Adjective,Selfish men were...trying to make capital for themselves out of the sacred cause of civil rights.,egotistic,egotistical,C2,94,General,Rare,selfishness,
1735,sentence,A string of words satisfying the grammatical rules of a language.,Noun,He always spoke in grammatical sentences.,conviction,condemnation,B1,36,Communication,Common,sentential,
1736,separate,"Force, take, or pull apart.",Verb,He separated the fighting children.,disunite,divide,A2,21,General,Very Common,separation,
1737,separated,Being or feeling set or kept apart from others.,Adjective,Thought of herself as alone and separated from the others.,detached,isolated,B2,63,General,Common,,
1738,separately,Apart from others.,Adverb,"Taken individually, the rooms were, in fact, square.",individually,singly,C2,97,General,Rare,,
1739,separation,The distance between things.,Noun,Fragile items require separation and cushioning.,interval,,C2,92,Personal Development,Rare,,
1740,sequence,Serial arrangement in which things follow in logical order or a recurrent pattern.,Noun,The sequence of names was alphabetical.,succession,,B2,60,Society & Culture,Common,,
1741,serious,Concerned with work or important matters rather than play or trivialities.,Adjective,A serious student of history.,dangerous,grave,A1,10,General,Very Common,seriousness,
1742,seriously,In a serious manner.,Adverb,A play dealing seriously with the question of divorce.,earnestly,in earnest,A2,29,General,Very Common,,
1743,servant,In a subordinate position.,Noun,The state cannot be a servant of the church.,handmaid,handmaiden,C2,96,Personal Development,Rare,serve,
1744,service,Work done by one person or group that benefits another.,Noun,Budget separately for goods and services.,avail,help,A1,6,General,Very Common,,
1745,services,Performance of duties or provision of space and equipment helpful to others.,Noun,The mayor tried to maintain city services.,service,,A1,7,General,Very Common,,
1746,serving,An individual quantity of food or drink taken as part of a meal.,Noun,There's enough for two servings each.,helping,portion,B1,46,General,Common,serve,
1747,session,A meeting for execution of a group's functions.,Noun,It was the opening session of the legislature.,seance,sitting,A2,26,Communication,Very Common,,
1748,setting,The context and environment in which something is set.,Noun,The perfect setting for a ghost story.,scene,,A2,24,Travel & Places,Very Common,,
1749,settled,Established or decided beyond dispute or doubt.,Adjective,With details of the wedding settled she could now sleep at night.,colonized,colonised,B2,66,General,Common,,
1750,settlement,Something settled or resolved; the outcome of decision making.,Noun,They finally reached a settlement with the union.,resolution,closure,B1,42,Academic,Common,settle,
1751,several,(used with count nouns) of an indefinite number more than 2 or 3 but not many.,Adjective,Several letters came in the mail.,respective,various,A1,6,General,Very Common,,
1752,severely,To a severe or serious degree.,Adverb,A severely impaired heart.,badly,gravely,C2,95,General,Rare,,
1753,sexually,With respect to sexuality.,Adverb,Sexually ambiguous.,intimately,,C2,92,General,Rare,,
1754,shaking,A shaky motion.,Noun,The shaking of his fingers as he lit his pipe.,shakiness,trembling,C2,97,Personal Development,Rare,shake,
1755,sharing,Having in common.,Noun,The sharing of electrons creates molecules.,communion,,B1,44,Academic,Common,share,
1756,shelter,Provide shelter for.,Verb,"After the earthquake, the government could not provide shelter for the thousands of homeless people.",supply,provide,C1,73,General,Less Common,,
1757,shocking,Giving offense to moral sensibilities and injurious to reputation.,Adjective,The most shocking book of its time.,disgraceful,scandalous,C2,95,General,Rare,,
1758,shooting,The act of firing a projectile.,Noun,His shooting was slow but accurate.,shot,,A2,23,General,Very Common,shoot,
1759,shopping,Searching for or buying goods or services.,Noun,Went shopping for a reliable plumber.,buying,purchasing,A2,27,General,Very Common,shop,
1760,shortly,For a short time.,Adverb,He was at the airport shortly before she was expected to arrive.,soon,presently,B1,43,General,Common,,
1761,shoulder,The part of a garment that covers or fits over the shoulder.,Noun,An ornamental gold braid on the shoulder of his uniform.,berm,,B1,41,General,Common,,
1762,showing,Something shown to the public.,Noun,The museum had many exhibits of oriental art.,display,exhibit,A2,31,General,Very Common,show,
1763,signature,A distinguishing style.,Noun,This room needs a woman's touch.,touch,,C1,73,Personal Development,Less Common,,
1764,significance,The quality of being significant.,Noun,Do not underestimate the significance of nuclear power.,import,implication,C1,81,Personal Development,Less Common,significant,
1765,significantly,In a statistically significant way.,Adverb,The two groups differed significantly.,importantly,,B1,39,General,Common,,
1766,silence,The state of being silent (as when no one is speaking).,Noun,There was a shocked silence.,muteness,,B1,44,Personal Development,Common,silent,
1767,similar,Marked by correspondence or resemblance.,Adjective,Similar food at similar prices.,alike,like,A1,8,General,Very Common,similarity,
1768,similarly,In like or similar manner.,Adverb,He was similarly affected.,likewise,,B2,63,General,Common,,
1769,simultaneously,At the same instant.,Adverb,They spoke simultaneously.,at the same time,,C1,82,General,Less Common,,
1770,sitting,(photography) the act of assuming a certain position (as for a photograph or portrait).,Noun,He wanted his portrait painted but couldn't spare time for the sitting.,posing,,A2,20,General,Very Common,sit,
1771,situated,Situated in a particular spot or position.,Adjective,Nicely situated on a quiet riverbank.,located,placed,C1,80,General,Less Common,,
1772,situation,The general state of things; the combination of circumstances at a given time.,Noun,The present international situation is dangerous.,state of affairs,,A1,10,Personal Development,Very Common,,
1773,skilled,Having or showing or requiring special skill.,Adjective,Only the most skilled gymnasts make an Olympic team.,mean,,C2,92,General,Rare,,
1774,slightly,To a small degree or extent.,Adverb,The children argued because one slice of cake was slightly larger than the other.,somewhat,more or less,A2,24,General,Very Common,,
1775,smiling,Smiling with happiness or optimism.,Adjective,A room of smiling faces.,beamish,twinkly,C1,73,General,Less Common,,
1776,smoking,The act of smoking tobacco or other substances.,Noun,Smoking stinks.,smoke,,B1,40,General,Common,smoke,
1777,socialist,Advocating or following the socialist principles.,Adjective,Socialistic government.,socialistic,,C1,76,General,Less Common,,
1778,society,A formal association of people with similar interests.,Noun,They formed a small lunch society.,club,social club,A1,8,Society & Culture,Very Common,,
1779,soldier,An enlisted man or woman who serves in an army.,Noun,The soldiers stood at attention.,worker,,B1,44,Society & Culture,Common,"soldierly, soldiership",
1780,somebody,A human being.,Noun,There was too much for one person to do.,person,individual,A2,22,General,Very Common,,
1781,somehow,In some unspecified way or manner; or by some unspecified means.,Adverb,They managed somehow.,someway,someways,B1,39,General,Common,,
1782,someone,A human being.,Noun,There was too much for one person to do.,person,individual,A1,5,General,Very Common,,
1783,sometime,At some indefinite or unstated time.,Adverb,Let's get together sometime.,someday,,C1,84,General,Less Common,,
1784,sometimes,On certain occasions or in certain cases but not always.,Adverb,Sometimes she wished she were back in England.,occasionally,,A1,7,General,Very Common,,
1785,somewhat,To a small degree or extent.,Adverb,His arguments were somewhat self-contradictory.,slightly,more or less,B1,38,General,Common,,
1786,somewhere,An indefinite or unknown location.,Noun,They moved to somewhere in Spain.,location,,A2,25,Travel & Places,Very Common,,
1787,southeast,Coming from the southeast.,Adjective,Southeasterly breezes.,southeasterly,,C1,73,General,Less Common,,
1788,southern,In or characteristic of a region of the United States south of (approximately) the Mason-Dixon line.,Adjective,Southern hospitality.,southerly,,A2,21,General,Very Common,,
1789,southwest,Coming from the southwest.,Adjective,The winds are southwesterly.,southwesterly,,C2,95,General,Rare,,
1790,spanish,Of or relating to or characteristic of Spain or the people of Spain.,Adjective,Spanish music.,Hispanic,,A2,25,Academic,Very Common,,
1791,speaker,Someone who expresses in language; someone who talks (especially someone who delivers a public speech or someone especially garrulous).,Noun,The speaker at commencement.,talker,utterer,B1,42,Society & Culture,Common,speak,
1792,speaking,Capable of or involving speech or speaking.,Adjective,Human beings--the speaking animals.,tongued,,A2,30,General,Very Common,,
1793,special,A special offering (usually temporary and at a reduced price) that is featured in advertising.,Noun,They are having a special on pork chops.,offer,offering,A1,7,Communication,Very Common,,
1794,specialized,Developed or designed for a special activity or function.,Adjective,A specialized tool.,specialised,,C2,99,General,Rare,,
1795,species,A specific kind of something.,Noun,A species of molecule.,coinage,mintage,A2,21,Academic,Very Common,,
1796,specific,A medicine that has a mitigating effect on a specific disease.,Noun,Quinine is a specific for malaria.,particular,,A1,11,General,Very Common,,
1797,specifically,In distinction from others.,Adverb,A program specifically for teenagers.,particularly,,B1,44,General,Common,,
1798,spiritual,Concerned with sacred matters or religion or the church.,Adjective,Lords temporal and spiritual.,religious,,B2,56,General,Common,,
1799,sporting,Exhibiting or calling for sportsmanship or fair play.,Adjective,A sporting solution of the disagreement.,clean,sporty,C1,84,General,Less Common,,
1800,spotted,Having spots or patches (small areas of contrasting color or texture).,Adjective,A black-and-white spotted cow.,patched,spotty,C1,80,General,Less Common,,
1801,standard,A basis for comparison; a reference point against which other things can be evaluated.,Noun,The schools comply with federal standards.,criterion,measure,A1,11,Communication,Very Common,"standardize, standardise",
1802,standing,Social or financial or professional status or reputation.,Noun,Of equal standing.,status,position,A2,20,Personal Development,Very Common,,
1803,staring,(used of eyes) open and fixed as if in fear or wonder.,Adjective,Staring eyes.,agaze,,C2,90,General,Rare,,
1804,starring,Indicating the most important performer or role.,Adjective,The starring role.,leading,prima,C2,97,General,Rare,,
1805,starting,A turn to be a starter (in a game at the beginning).,Noun,His starting meant that the coach thought he was one of their best linemen.,start,,A1,11,General,Very Common,start,
1806,station,A facility equipped with special equipment and personnel for a particular purpose.,Noun,He started looking for a gas station.,place,,A1,12,General,Very Common,,
1807,statistical,Of or relating to statistics.,Adjective,Statistical population.,quantitative,,C2,90,Academic,Rare,statistics,
1808,stealing,The act of taking something from someone unlawfully.,Noun,The thieving is awful at Kennedy International.,larceny,theft,C1,75,General,Less Common,steal,
1809,stomach,An inclination or liking for things involving conflict or difficulty or unpleasantness.,Noun,He had no stomach for a fight.,tummy,tum,B2,55,Emotion,Common,,
1810,stopped,(of a nose) blocked.,Adjective,A stopped (or stopped-up) nose.,stopped-up,stopped up,A2,21,General,Very Common,,
1811,stopping,The kind of playing that involves pressing the fingers on the strings of a stringed instrument to control the pitch.,Noun,The violinist's stopping was excellent.,fillet,,B2,64,General,Common,,
1812,storage,Depositing in a warehouse.,Noun,My car is in storage.,repositing,reposition,B1,37,General,Common,,
1813,straight,Successive (without a break).,Adjective,Sick for five straight days.,consecutive,,A1,11,General,Very Common,,
1814,strange,Being definitely out of the ordinary and unexpected; slightly odd or even a bit weird.,Adjective,A strange exaltation that was indefinable.,unusual,,B1,44,General,Common,strangeness,
1815,streaming,Exuding a bodily fluid in profuse amounts.,Adjective,His streaming face.,unprocessed,,C1,77,General,Less Common,,
1816,strength,The property of being physically or mentally strong.,Noun,Fatigue sapped his strength.,potency,effectiveness,A2,22,Personal Development,Very Common,,
1817,stressed,Suffering severe physical strain or distress.,Adjective,"He dropped out of the race, clearly distressed and having difficulty breathing.",distressed,,C1,81,General,Less Common,,
1818,stretch,A large and unbroken expanse or distance.,Noun,A stretch of highway.,stint,,B2,60,General,Common,,
1819,strictly,Restricted to something.,Adverb,We talked strictly business.,purely,,C1,84,General,Less Common,,
1820,striking,Sensational in appearance or thrilling in effect.,Adjective,His striking good looks always created a sensation.,dramatic,spectacular,C1,78,General,Less Common,strikingness,
1821,strongly,With strength or in a strong manner.,Adverb,Argues very strongly for his proposal.,powerfully,,B1,43,General,Common,,
1822,structural,"Relating to or caused by structure, especially political or economic structure.",Adjective,Structural unemployment in a technological society.,geomorphologic,geomorphological,C1,81,Academic,Less Common,,
1823,struggle,An energetic attempt to achieve something.,Noun,Getting through the crowd was a real struggle.,battle,,B1,46,General,Common,,
1824,struggling,Engaged in a struggle to overcome especially poverty or obscurity.,Adjective,A financially struggling theater.,troubled,,B2,61,General,Common,,
1825,studied,Produced or marked by conscious design or premeditation.,Adjective,A studied smile.,affected,unnatural,B1,42,General,Common,,
1826,stunning,Commanding attention.,Adjective,A stunning performance.,arresting,sensational,B2,66,General,Common,,
1827,subject,The subject matter of a conversation or discussion.,Noun,He didn't want to discuss that subject.,topic,theme,A2,29,Communication,Very Common,,
1828,submission,Something (manuscripts or architectural plans and models or estimates or works of art of all genres etc.) submitted for the judgment of others (as in a competition).,Noun,Several of his submissions were rejected by publishers.,entry,,C2,99,Communication,Rare,submit,
1829,subsequent,Following in time or order.,Adjective,Subsequent developments.,later,ulterior,B2,57,General,Common,"subsequentness, subsequence",
1830,subsequently,Happening at a time subsequent to a reference time.,Adverb,He apologized subsequently.,later,afterwards,C1,75,General,Less Common,,
1831,substance,The real physical matter of which a person or thing consists.,Noun,DNA is the substance of our genes.,kernel,core,C1,76,General,Less Common,substantial,
1832,substitute,Put in the place of another; switch seemingly equivalent items.,Verb,Substitute regular milk with fat-free milk.,replace,interchange,C1,82,Business,Less Common,substitution,
1833,succeed,Attain success or reach a desired goal.,Verb,The enterprise succeeded.,win,come through,B2,65,Society & Culture,Common,succeeder,
1834,success,An event that accomplishes its intended purpose.,Noun,Let's call heads a success and tails a failure.,achiever,winner,A1,11,Society & Culture,Very Common,,
1835,successfully,With success; in a successful manner.,Adverb,She performed the surgery successfully.,triumphantly,,B1,45,General,Common,,
1836,suddenly,Happening unexpectedly.,Adverb,Suddenly she felt a sharp pain in her side.,all of a sudden,of a sudden,A2,27,General,Very Common,,
1837,suffering,Troubled by pain or loss.,Adjective,Suffering refugees.,miserable,wretched,B1,39,General,Common,,
1838,sufficient,Of a quantity that can fulfill a need or requirement but without being abundant.,Adjective,Sufficient food.,adequate,decent,B2,62,General,Common,"sufficiency, suffice",
1839,suggest,Imply as a possibility.,Verb,The evidence suggests a need for more clarification.,intimate,,A2,24,Communication,Very Common,"suggestible, suggestive, suggestion",
1840,suicide,The act of killing yourself.,Noun,It is a crime to commit suicide.,self-destruction,self-annihilation,B1,46,General,Common,suicidal,
1841,suitable,Meant or adapted for an occasion or use.,Adjective,A tractor suitable (or fit) for heavy duty.,suited,,B2,57,General,Common,"suitableness, suitability",
1842,summary,A brief statement that presents the main points in a concise form.,Noun,He gave a summary of the conclusions.,sum-up,,B2,58,Communication,Common,"summarize, summarise",
1843,sunshine,The rays of the sun.,Noun,The shingles were weathered by the sun and wind.,sunlight,sun,C1,84,Science & Technology,Less Common,,
1844,superior,Of high or superior quality or performance.,Adjective,Superior wisdom derived from experience.,superscript,,B1,44,General,Common,superiority,
1845,support,The activity of providing for or maintaining by supplying with money or necessities.,Noun,His support kept the family together.,reinforcement,reenforcement,A1,6,General,Very Common,,
1846,supported,Sustained or maintained by aid (as distinct from physical support).,Adjective,A club entirely supported by membership dues.,subsidized,subsidised,A2,27,General,Very Common,,
1847,supporter,A person who backs a politician or a team etc.,Noun,All their supporters came out for the game.,protagonist,champion,C2,99,Society & Culture,Rare,support,
1848,supporting,Furnishing support and encouragement.,Adjective,The anxious child needs supporting and accepting treatment from the teacher.,encouraging,,A2,26,General,Very Common,,
1849,suppose,To believe especially on uncertain or tentative grounds.,Verb,Scientists supposed that large dinosaurs lived in swamps.,speculate,theorize,B1,38,Academic,Common,"supposition, supposal",
1850,supposed,Required or under orders.,Adjective,I'm supposed to be there at ten.,alleged,,A2,30,General,Very Common,,
1851,supreme,Final or last in your life or progress.,Adjective,The supreme sacrifice.,sovereign,,A2,27,General,Very Common,,
1852,surface,The outer boundary of an artifact or a material layer constituting or resembling such a boundary.,Noun,There is a special cleaner for these surfaces.,open,,A2,21,General,Very Common,,
1853,surgery,The branch of medical science that treats disease or injury by operative procedures.,Noun,He is professor of surgery at the Harvard Medical School.,operation,,B1,45,Academic,Common,surgical,
1854,surprise,Cause to be surprised.,Verb,The news really surprised me.,storm,,A2,24,Academic,Very Common,surprisal,
1855,surprised,Taken unawares or suddenly and feeling wonder or astonishment.,Adjective,Surprised by her student's ingenuity.,gobsmacked,,A2,28,General,Very Common,,
1856,surprising,Causing surprise or wonder or amazement.,Adjective,The report shows a surprising lack of hard factual data.,stunning,,B2,65,General,Common,surprisingness,
1857,surprisingly,In a surprising manner.,Adverb,He was surprisingly friendly.,amazingly,astonishingly,C2,96,General,Rare,,
1858,surrender,Give up or agree to forgo to the power or possession of another.,Verb,The last Taleban fighters finally surrendered.,give up,,C2,96,Business,Rare,surrenderer,
1859,surrounded,Confined on all sides.,Adjective,A camp surrounded by enemies.,encircled,,B2,59,General,Common,,
1860,surrounding,Closely encircling.,Adjective,The surrounding countryside.,encompassing,circumferent,B1,42,General,Common,,
1861,survive,Continue to live through hardship or adversity.,Verb,These superstitions survive in the backwaters of America.,last,live,B1,40,General,Common,survival,
1862,suspect,Imagine to be the case or true or probable.,Verb,I suspect he is a fugitive.,surmise,,B1,41,Communication,Common,suspicion,
1863,suspected,Believed likely.,Adjective,A suspected thief.,presumed,,C1,73,General,Less Common,,
1864,suspended,(of undissolved particles in a fluid) supported or kept from sinking or falling by buoyancy and without apparent attachment.,Adjective,Suspended matter such as silt or mud...,supported,,B2,62,General,Common,,
1865,suspension,The act of suspending something (hanging it from above so it moves freely).,Noun,There was a small ceremony for the hanging of the portrait.,dangling,hanging,C1,74,General,Less Common,suspend,
1866,suspicious,Not as expected.,Adjective,Suspicious behavior.,fishy,funny,C2,96,General,Rare,suspiciousness,
1867,sustained,Maintained at length without interruption or weakening.,Adjective,Sustained flight.,continuous,uninterrupted,C1,80,General,Less Common,,
1868,swedish,Of or relating to or characteristic of Sweden or its people or culture or language.,Adjective,The Swedish King.,Scandinavian,,C1,78,Academic,Less Common,,
1869,swimming,The act of swimming; :.,Noun,It was the swimming they enjoyed most.,swim,,B2,66,General,Common,swim,
1870,syndrome,A complex of concurrent things.,Noun,Every word has a syndrome of meanings.,complex,composite,C1,76,Academic,Less Common,,
1871,talented,Endowed with talent or talents.,Adjective,A gifted writer.,gifted,,B2,63,General,Common,,
1872,talking,An exchange of ideas via conversation.,Noun,Let's have more work and less talk around here.,talk,,A1,7,Communication,Very Common,talk,
1873,teacher,A personified abstraction that teaches.,Noun,Books were his teachers.,instructor,,A2,32,Academic,Very Common,teach,
1874,teaching,The profession of a teacher.,Noun,He prepared for teaching while still in college.,instruction,pedagogy,A2,26,General,Very Common,,
1875,technical,Of or relating to technique or proficiency in a practical skill.,Adjective,His technical innovation was his brushwork.,proficient,,A2,24,Academic,Very Common,"technique, technicality",
1876,technically,With regard to technique.,Adverb,Technically lagging behind the Japanese.,strictly,,C2,95,General,Rare,,
1877,technique,Skillfulness in the command of fundamentals deriving from practice and familiarity.,Noun,Practice greatly improves proficiency.,proficiency,,B1,43,Academic,Common,"technical, technician",
1878,teenage,Being of the age 13 through 19.,Adjective,Teenage mothers.,adolescent,teen,C2,90,General,Rare,,
1879,telling,Disclosing unintentionally.,Adjective,A telling smile.,revealing,telltale,A2,30,General,Very Common,,
1880,temporary,Not permanent; not lasting.,Adjective,Temporary housing.,impermanent,,B1,43,General,Common,temporariness,
1881,tension,(psychology) a state of mental or emotional strain or suspense.,Noun,He suffered from fatigue and emotional tension.,tenseness,stress,C1,77,Personal Development,Less Common,,
1882,terrible,Causing fear or dread or terror.,Adjective,A terrible curse.,awful,dire,A2,26,General,Very Common,terribleness,
1883,testament,A profession of belief.,Noun,He stated his political testament.,will,,C2,99,Academic,Rare,,
1884,testimony,An assertion offering firsthand authentication of a fact.,Noun,According to his own testimony he can't do it.,testimonial,,C1,83,Communication,Less Common,"testimonial, testify",
1885,testing,The act of subjecting to experimental test in order to determine how well something works.,Noun,They agreed to end the testing of atomic weapons.,examination,,A2,28,General,Very Common,test,
1886,thailand,A country of southeastern Asia that extends southward along the Isthmus of Kra to the Malay Peninsula.,Noun,Thailand is the official name of the former Siam.,Kingdom of Thailand,Siam,C1,77,Travel & Places,Less Common,,
1887,theater,A region in which active military operations are in progress.,Noun,He served in the Vietnam theater for three years.,field,field of operations,B2,60,Travel & Places,Common,,
1888,theatre,A building where theatrical performances or motion-picture shows can be presented.,Noun,The house was full.,theater,house,B1,40,General,Common,,
1889,therapy,(medicine) the act of caring for someone (as by medication or remedial training etc.).,Noun,Heat therapy gave the best relief.,treatment,,B1,40,General,Common,"therapeutic, therapeutical, therapist",
1890,therefore,(used to introduce a logical conclusion) from that fact or reason or as a result.,Adverb,Therefore X must be true.,hence,thence,A2,32,General,Very Common,,
1891,thinking,The process of using your mind to consider something carefully.,Noun,Thinking always made him frown.,thought,thought process,A1,7,Academic,Very Common,think,
1892,thoroughly,In an exhaustive manner.,Adverb,We searched the files thoroughly.,exhaustively,,C2,96,General,Rare,,
1893,thought,The content of cognition; the main thing you are thinking about.,Noun,The thought never entered my mind.,idea,,A1,5,Academic,Very Common,think,
1894,threatened,(of flora or fauna) likely in the near future to become endangered.,Adjective,"The spotted owl is a threatened species, not yet an endangered one.",vulnerable,,B2,59,General,Common,,
1895,threatening,Threatening or foreshadowing evil or tragic developments.,Adjective,His threatening behavior.,baleful,forbidding,C1,80,General,Less Common,,
1896,through,Having finished or arrived at completion.,Adjective,"After the treatment, the patient is through except for follow-up.",done,through with,A1,5,General,Very Common,,
1897,throughout,From first to last.,Adverb,The play was excellent end-to-end.,end-to-end,,A1,13,General,Very Common,,
1898,thunder,"Move fast, noisily, and heavily.",Verb,The bus thundered down the road.,roar,,C2,90,Travel & Places,Rare,,
1899,together,Mentally and emotionally stable.,Adjective,She's really together.,unneurotic,,A1,6,General,Very Common,togetherness,
1900,tomorrow,The day after today.,Noun,What are our tasks for tomorrow?,day,,A1,12,General,Very Common,,
1901,tonight,During the night of the present day.,Adverb,Drop by tonight.,this evening,this night,A1,11,General,Very Common,,
1902,torture,Intense feelings of suffering; acute mental or physical pain.,Noun,An agony of doubt.,agony,torment,C1,73,Emotion,Less Common,torturous,
1903,totally,To a complete degree or to the full or entire extent (`whole' is often used informally for `wholly').,Adverb,A totally new situation.,wholly,entirely,A2,22,General,Very Common,,
1904,touched,Being excited or provoked to the expression of an emotion.,Adjective,Very touched by the stranger's kindness.,moved,affected,B2,64,General,Common,,
1905,touching,Arousing affect.,Adjective,His gratitude was simple and touching.,affecting,poignant,C1,77,General,Less Common,,
1906,traditional,Consisting of or derived from tradition.,Adjective,Traditional history.,tralatitious,,A2,21,General,Very Common,tradition,
1907,traffic,The amount of activity over a communication system during a given period of time.,Noun,Heavy traffic overloaded the trunk lines.,dealings,,A2,21,Communication,Very Common,,
1908,tragedy,An event resulting in great loss and misfortune.,Noun,The whole city was affected by the irremediable calamity.,calamity,catastrophe,C2,90,Society & Culture,Rare,"tragical, tragic",
1909,trained,Shaped or conditioned or disciplined by training; often used as a combining form.,Adjective,A trained mind.,disciplined,,B1,36,General,Common,,
1910,training,The result of good upbringing (especially knowledge of correct social behavior).,Noun,A woman of breeding and refinement.,education,breeding,A1,8,Personal Development,Very Common,,
1911,transfer,Someone who transfers or is transferred from one position to another.,Noun,The best student was a transfer from LSU.,transferee,,A2,26,Society & Culture,Very Common,,
1912,transformation,The act of changing in form or shape or appearance.,Noun,A photograph is a translation of a scene onto a two-dimensional surface.,translation,,C1,78,General,Less Common,transform,
1913,transformed,Given a completely different form or appearance.,Adjective,Shocked to see the transformed landscape.,changed,,C2,97,General,Rare,,
1914,transit,Pass across (a sign or house of the zodiac) or pass across (the disk of a celestial body or the meridian of a place).,Verb,The comet will transit on September 11.,pass,,C1,78,Travel & Places,Less Common,,
1915,transition,Cause to convert or undergo a transition.,Verb,The company had to transition the old practices to modern technology.,convert,,B1,44,Science & Technology,Common,,
1916,transport,A state of being carried away by overwhelming emotion.,Noun,Listening to sweet music in a perfect rapture.,ecstasy,rapture,A2,28,Personal Development,Very Common,,
1917,trapped,Forced to turn and face attackers.,Adjective,Like a trapped animal.,at bay,cornered,C1,80,General,Less Common,,
1918,traveling,The act of going from one place to another.,Noun,He enjoyed selling but he hated the travel.,travel,travelling,B2,66,General,Common,travel,
1919,travelling,The act of going from one place to another.,Noun,He enjoyed selling but he hated the travel.,travel,traveling,C1,84,General,Less Common,travel,
1920,treasure,Accumulated wealth in the form of money or jewels etc.,Noun,The pirates hid their treasure on a small island in the West Indies.,hoarded wealth,,C1,83,Business,Less Common,,
1921,treated,Subjected to a physical (or chemical) treatment or action or agent.,Adjective,The sludge of treated sewage can be used as fertilizer.,tempered,hardened,A2,26,General,Very Common,,
1922,tremendous,Extraordinarily large in size or extent or amount or power or degree.,Adjective,Tremendous sweeping plains.,enormous,,C2,99,General,Rare,,
1923,tribute,Payment extorted by gangsters on threat of violence.,Noun,Every store in the neighborhood had to pay him protection.,protection,,C1,73,General,Less Common,,
1924,trigger,Put in motion or move to act.,Verb,Trigger a reaction.,trip,actuate,C1,73,Arts & Creativity,Less Common,,
1925,trouble,A source of difficulty.,Noun,One trouble after another delayed the job.,problem,,A2,23,Academic,Very Common,troublous,
1926,trusted,(of persons) worthy of trust or confidence.,Adjective,A sure (or trusted) friend.,sure,,C1,78,General,Less Common,,
1927,turkish,Of or relating to or characteristic of Turkey or its people or language.,Adjective,Turkish towels.,Anatolian,,B2,65,Academic,Common,,
1928,turning,Act of changing in practice or custom.,Noun,The law took many turnings over the years.,turn,,A2,26,General,Very Common,turn,
1929,typical,Exhibiting the qualities or characteristics that identify a group or kind or category.,Adjective,A typical American girl.,distinctive,,B1,36,General,Common,typicality,
1930,typically,In a typical manner.,Adverb,Tom was typically hostile.,usually,,B1,46,General,Common,,
1931,ultimate,The finest or most superior quality of its kind.,Noun,The ultimate in luxury.,quality,,B1,39,Personal Development,Common,,
1932,ultimately,As the end result of a succession or process.,Adverb,Ultimately he had to give in.,finally,in the end,B1,37,General,Common,,
1933,unbelievable,Beyond belief or understanding.,Adjective,At incredible speed.,incredible,,C2,97,General,Rare,,
1934,uncomfortable,Conducive to or feeling mental discomfort.,Adjective,This kind of life can prove disruptive and uncomfortable.,disquieting,,C1,80,General,Less Common,uncomfortableness,
1935,underground,An electric railway operating below the surface of the ground (usually in a city).,Noun,In Paris the subway system is called the `metro' and in London it is called the `tube' or the `underground'.,metro,tube,B2,62,General,Common,,
1936,underlying,In the nature of something though not readily apparent.,Adjective,An underlying meaning.,implicit in,inherent,C1,83,General,Less Common,,
1937,underneath,On the lower or downward side; on the underside of.,Adverb,A chest of drawers all scratched underneath.,beneath,,C2,97,General,Rare,,
1938,understand,Know and comprehend the nature or meaning of.,Verb,She did not understand her husband.,realize,realise,A1,6,Academic,Very Common,"understandable, understanding",
1939,understood,Fully apprehended as to purport or meaning or explanation.,Adjective,The understood conditions of troop withdrawal were clear.,silent,tacit,B1,36,General,Common,,
1940,unexpected,Not expected or anticipated.,Adjective,Unexpected guests.,upset,,C1,76,General,Less Common,unexpectedness,
1941,unfortunate,Not favored by fortune; marked or accompanied by or resulting in ill fortune.,Adjective,An unfortunate turn of events.,inauspicious,,C2,92,General,Rare,,
1942,unfortunately,By bad luck.,Adverb,Unfortunately it rained all day.,unluckily,regrettably,B1,46,General,Common,,
1943,uniform,Provide with uniforms.,Verb,The guards were uniformed.,supply,provide,B2,61,Business,Common,,
1944,universal,A behavioral convention or pattern characteristic of all members of a particular culture or of all human beings.,Noun,Some form of religion seems to be a human universal.,convention,normal,B1,42,Academic,Common,,
1945,universe,Everything that exists anywhere.,Noun,They study the evolution of the universe.,existence,creation,B1,36,General,Common,universal,
1946,unknown,An unknown and unexplored region.,Noun,They came like angels out the unknown.,unknown region,terra incognita,B1,39,Travel & Places,Common,,
1947,unlikely,Not likely to be true or to occur or to have occurred.,Adjective,Legislation on the question is highly unlikely.,improbable,,B2,63,General,Common,unlikeliness,
1948,unlimited,Having no limits in range or scope.,Adjective,To start with a theory of unlimited freedom is to end up with unlimited despotism.,limitless,,C2,95,General,Rare,,
1949,unusual,Not usual or common or ordinary.,Adjective,A scene of unusual beauty.,strange,,B1,45,General,Common,unusualness,
1950,upcoming,Of the relatively near future.,Adjective,The upcoming spring fashions.,approaching,coming,B2,60,General,Common,,
1951,upgrade,A reservation that is improved.,Noun,I got an upgrade to first class when coach class was full.,ascent,acclivity,C1,74,Academic,Less Common,,
1952,useless,Having no beneficial use or incapable of functioning usefully.,Adjective,A kitchen full of useless gadgets.,unserviceable,unusable,C1,77,General,Less Common,uselessness,
1953,usually,Under normal conditions.,Adverb,Usually she was late.,normally,unremarkably,A1,9,General,Very Common,,
1954,utility,(computer science) a program designed for general support of the processes of a computer.,Noun,A computer system provides utility programs to perform the tasks needed by most users.,utility program,service program,B2,66,Communication,Common,,
1955,vacation,Leisure time away from work devoted to rest or pleasure.,Noun,We get two weeks of vacation every summer.,holiday,,B2,56,General,Common,vacationist,
1956,variable,Something that is likely to vary; something that is subject to variation.,Noun,The weather is one variable to be considered.,quantity,,C2,93,General,Rare,,
1957,variation,An activity that varies from a norm or standard.,Noun,Any variation in his routine was immediately reported.,variance,,C2,98,General,Rare,vary,
1958,various,Of many different kinds purposefully arranged but lacking any uniformity.,Adjective,His disguises are many and various.,assorted,,A1,9,General,Very Common,,
1959,vehicle,A medium for the expression or achievement of something.,Noun,His editorials provided a vehicle for his political views.,fomite,,A2,24,Communication,Very Common,,
1960,venture,Proceed somewhere despite the risk of possible dangers.,Verb,We ventured into the world of high-tech and bought a supercomputer.,embark,,B2,55,Society & Culture,Common,venturer,
1961,version,An interpretation of a matter from a particular viewpoint.,Noun,His version of the fight was different from mine.,variant,variation,A1,11,Communication,Very Common,,
1962,vertical,At right angles to the plane of the horizon or a base line.,Adjective,A vertical camera angle.,perpendicular,,C1,73,General,Less Common,"verticalness, verticality",
1963,veteran,A serviceman who has seen considerable active service.,Noun,The veterans laughed at the new recruits.,veteran soldier,,C1,78,Society & Culture,Less Common,,
1964,victorian,Of or relating to Queen Victoria of Great Britain or to the age in which she ruled.,Adjective,Victorian morals.,priggish,prim,C2,93,Academic,Rare,Victoria,
1965,victory,A successful ending of a struggle or contest.,Noun,A narrow victory.,triumph,,A2,25,Society & Culture,Very Common,victorious,
1966,viewing,A vigil held over a corpse the night before burial.,Noun,There's no weeping at an Irish wake.,wake,,C2,98,General,Rare,,
1967,violation,An act that disregards an agreement or a right.,Noun,He claimed a violation of his rights under the Fifth Amendment.,infringement,,C1,73,General,Less Common,violate,
1968,violence,An act of aggression (as one against a person who resists).,Noun,He may accomplish by craft in the long run what he cannot do by force and violence in the short one.,force,,A2,24,General,Very Common,violent,
1969,violent,Acting with or marked by or resulting from great force or energy or emotional intensity.,Adjective,A violent attack.,fierce,tearing,B1,44,General,Common,violence,
1970,virtually,In essence or effect but not in fact.,Adverb,The strike virtually paralyzed the city.,about,almost,B2,55,General,Common,,
1971,visible,Capable of being seen; or open to easy view.,Adjective,A visible object.,seeable,,B2,57,General,Common,"visibleness, visibility",
1972,visiting,The activity of making visits.,Noun,"The purpose was to promote homes, clubs, visiting, and other services.",visit,,B2,66,General,Common,visit,
1973,waiting,Being and remaining ready and available for use.,Adjective,Waiting cars and limousines lined the curb.,ready and waiting,,A1,11,General,Very Common,,
1974,walking,The act of traveling by foot.,Noun,Walking is a healthy form of exercise.,walk,,A2,20,General,Very Common,walk,
1975,wanting,Inadequate in amount or degree.,Adjective,Tested and found wanting.,deficient,lacking,B1,42,General,Common,,
1976,warning,A message informing of danger.,Noun,A warning that still more bombs could explode.,admonition,monition,B1,36,Communication,Common,warn,
1977,warrant,A type of security issued by a corporation (usually together with a bond or preferred stock) that gives the holder the right to purchase a certain amount of common stock at a stated price.,Noun,As a sweetener they offered warrants along with the fixed-income securities.,stock warrant,stock-purchase warrant,C1,74,Business,Less Common,,
1978,weakness,Powerlessness revealed by an inability to act.,Noun,In spite of their weakness the group remains active.,helplessness,impuissance,C1,80,Personal Development,Less Common,weak,
1979,wealthy,Having an abundant supply of money or possessions of value.,Adjective,Wealthy corporations.,affluent,flush,C1,78,General,Less Common,"wealth, wealthiness",
1980,wearing,Producing exhaustion.,Adjective,The visit was especially wearing.,exhausting,tiring,A2,21,General,Very Common,,
1981,website,A computer connected to the internet that maintains a series of web pages on the World Wide Web.,Noun,The Israeli web site was damaged by hostile hackers.,web site,internet site,A1,10,Communication,Very Common,,
1982,wedding,The act of marrying; the nuptial ceremony.,Noun,Their marriage was conducted in the chapel.,marriage,marriage ceremony,A2,22,General,Very Common,wed,
1983,welcome,The state of being welcome.,Noun,Don't outstay your welcome.,acceptance,,A1,13,Personal Development,Very Common,,
1984,western,Relating to or characteristic of the western parts of the world or the West as opposed to the eastern or oriental parts.,Adjective,The Western world.,westerly,,A1,12,General,Very Common,westernize,
1985,whatever,One or some or every or all without specification.,Adjective,Give me whatever peaches you don't want.,any,whatsoever,A1,9,General,Very Common,,
1986,widespread,Widely circulated or diffused.,Adjective,A widespread doctrine.,general,,C1,80,General,Less Common,,
1987,wildlife,All living things (except people) that are undomesticated.,Noun,Chemicals could kill all the wildlife.,life,,B2,61,Society & Culture,Common,,
1988,willing,Disposed or inclined toward.,Adjective,A willing participant.,uncoerced,unforced,A2,26,General,Very Common,willingness,
1989,winning,Succeeding with great difficulty.,Noun,Winning is not everything.,success,,A1,13,General,Very Common,win,
1990,witness,Be a witness to.,Verb,She witnessed the accident and had to testify in court.,find,see,B1,40,General,Common,witnesser,
1991,wondering,Showing curiosity.,Adjective,If someone saw a man climbing a light post they might get inquisitive.,inquisitive,speculative,B1,39,General,Common,,
1992,working,Actively engaged in paid work.,Adjective,The working population.,on the job,,A1,6,General,Very Common,,
1993,worried,Afflicted with or marked by anxious uneasiness or trouble or grief.,Adjective,Worried parents.,disquieted,distressed,B1,45,General,Common,,
1994,worrying,The act of moving something by repeated tugs or pushes.,Noun,Vigorous worrying finally loosened the saw.,badgering,torment,C2,93,General,Rare,,
1995,worship,Show devotion to (a deity).,Verb,Many Hindus worship Shiva.,idolize,idolise,B2,65,Emotion,Common,"worshiper, worshipper",
1996,wounded,People who are wounded.,Noun,They had to leave the wounded where they fell.,maimed,,B2,62,Society & Culture,Common,,
1997,wrapped,Covered with or as if with clothes or a wrap or cloak.,Adjective,Cloud-wrapped peaks.,cloaked,clothed,C1,73,General,Less Common,,
1998,wrestling,The act of engaging in close hand-to-hand combat.,Noun,We watched his grappling and wrestling with the bully.,wrestle,grapple,C2,90,General,Rare,wrestle,
1999,writing,The act of creating written works.,Noun,Writing was a form of therapy for him.,authorship,composition,A1,11,General,Very Common,write,
2000,written,Set down in writing in any of various ways.,Adjective,Written evidence.,scripted,,A1,10,General,Very Common,,
